time_h,date,stage,flow
-0.0,01JAN2000 00:00:00,20.987,0.0
0.0833,01JAN2000 00:05:00,21.514,0.0
0.1667,01JAN2000 00:10:00,21.514,0.0
0.25,01JAN2000 00:15:00,21.675,0.094
0.3333,01JAN2000 00:20:00,21.806,0.696
0.4167,01JAN2000 00:25:00,21.898,2.542
0.5,01JAN2000 00:30:00,21.992,6.567
0.5833,01JAN2000 00:35:00,22.099,13.36
0.6667,01JAN2000 00:40:00,22.215,22.789
0.75,01JAN2000 00:45:00,22.321,34.225
0.8333,01JAN2000 00:50:00,22.421,46.821
0.9167,01JAN2000 00:55:00,22.508,59.744
1.0,01JAN2000 01:00:00,22.581,72.23
1.0833,01JAN2000 01:05:00,22.645,83.871
1.1667,01JAN2000 01:10:00,22.692,94.518
1.25,01JAN2000 01:15:00,22.734,104.175
1.3333,01JAN2000 01:20:00,22.769,112.85
1.4167,01JAN2000 01:25:00,22.8,120.561
1.5,01JAN2000 01:30:00,22.826,127.393
1.5833,01JAN2000 01:35:00,22.85,133.503
1.6667,01JAN2000 01:40:00,22.87,138.995
1.75,01JAN2000 01:45:00,22.888,143.885
1.8333,01JAN2000 01:50:00,22.903,148.198
1.9167,01JAN2000 01:55:00,22.917,151.981
2.0,01JAN2000 02:00:00,22.929,155.296
2.0833,01JAN2000 02:05:00,22.939,158.229
2.1667,01JAN2000 02:10:00,22.948,160.854
2.25,01JAN2000 02:15:00,22.957,163.195
2.3333,01JAN2000 02:20:00,22.963,165.289
2.4167,01JAN2000 02:25:00,22.97,167.21
2.5,01JAN2000 02:30:00,22.976,168.965
2.5833,01JAN2000 02:35:00,22.981,170.521
2.6667,01JAN2000 02:40:00,22.986,171.911
2.75,01JAN2000 02:45:00,22.99,173.212
2.8333,01JAN2000 02:50:00,22.994,174.425
2.9167,01JAN2000 02:55:00,22.998,175.502
3.0,01JAN2000 03:00:00,23.001,176.468
3.0833,01JAN2000 03:05:00,23.004,177.425
3.1667,01JAN2000 03:10:00,23.008,178.398
3.25,01JAN2000 03:15:00,23.011,179.314
3.3333,01JAN2000 03:20:00,23.013,180.13
3.4167,01JAN2000 03:25:00,23.015,180.831
3.5,01JAN2000 03:30:00,23.018,181.423
3.5833,01JAN2000 03:35:00,23.019,181.946
3.6667,01JAN2000 03:40:00,23.021,182.438
3.75,01JAN2000 03:45:00,23.022,182.888
3.8333,01JAN2000 03:50:00,23.024,183.302
3.9167,01JAN2000 03:55:00,23.025,183.733
4.0,01JAN2000 04:00:00,23.027,184.167
4.0833,01JAN2000 04:05:00,23.028,184.543
4.1667,01JAN2000 04:10:00,23.029,184.875
4.25,01JAN2000 04:15:00,23.03,185.229
4.3333,01JAN2000 04:20:00,23.031,185.589
4.4167,01JAN2000 04:25:00,23.032,185.893
4.5,01JAN2000 04:30:00,23.033,186.157
4.5833,01JAN2000 04:35:00,23.034,186.477
4.6667,01JAN2000 04:40:00,23.036,186.874
4.75,01JAN2000 04:45:00,23.036,187.263
4.8333,01JAN2000 04:50:00,23.038,187.595
4.9167,01JAN2000 04:55:00,23.039,187.849
5.0,01JAN2000 05:00:00,23.039,188.028
5.0833,01JAN2000 05:05:00,23.039,188.169
5.1667,01JAN2000 05:10:00,23.04,188.31
5.25,01JAN2000 05:15:00,23.042,188.989
5.3333,01JAN2000 05:20:00,23.048,190.812
5.4167,01JAN2000 05:25:00,23.061,194.596
5.5,01JAN2000 05:30:00,23.079,200.335
5.5833,01JAN2000 05:35:00,23.099,206.909
5.6667,01JAN2000 05:40:00,23.119,213.448
5.75,01JAN2000 05:45:00,23.137,219.292
5.8333,01JAN2000 05:50:00,23.152,224.18
5.9167,01JAN2000 05:55:00,23.163,227.669
6.0,01JAN2000 06:00:00,23.171,230.224
6.0833,01JAN2000 06:05:00,23.177,232.235
6.1667,01JAN2000 06:10:00,23.182,233.924
6.25,01JAN2000 06:15:00,23.186,235.253
6.3333,01JAN2000 06:20:00,23.189,236.263
6.4167,01JAN2000 06:25:00,23.191,236.997
6.5,01JAN2000 06:30:00,23.192,237.496
6.5833,01JAN2000 06:35:00,23.193,237.85
6.6667,01JAN2000 06:40:00,23.194,238.133
6.75,01JAN2000 06:45:00,23.195,238.345
6.8333,01JAN2000 06:50:00,23.195,238.503
6.9167,01JAN2000 06:55:00,23.195,238.685
7.0,01JAN2000 07:00:00,23.196,238.879
7.0833,01JAN2000 07:05:00,23.196,239.01
7.1667,01JAN2000 07:10:00,23.197,239.097
7.25,01JAN2000 07:15:00,23.197,239.222
7.3333,01JAN2000 07:20:00,23.198,239.367
7.4167,01JAN2000 07:25:00,23.198,239.447
7.5,01JAN2000 07:30:00,23.198,239.49
7.5833,01JAN2000 07:35:00,23.198,239.622
7.6667,01JAN2000 07:40:00,23.199,239.866
7.75,01JAN2000 07:45:00,23.2,240.116
7.8333,01JAN2000 07:50:00,23.201,240.305
7.9167,01JAN2000 07:55:00,23.202,240.974
8.0,01JAN2000 08:00:00,23.207,242.734
8.0833,01JAN2000 08:05:00,23.218,246.405
8.1667,01JAN2000 08:10:00,23.235,252.043
8.25,01JAN2000 08:15:00,23.253,258.55
8.3333,01JAN2000 08:20:00,23.272,265.035
8.4167,01JAN2000 08:25:00,23.288,270.827
8.5,01JAN2000 08:30:00,23.302,275.661
8.5833,01JAN2000 08:35:00,23.311,279.069
8.6667,01JAN2000 08:40:00,23.318,281.532
8.75,01JAN2000 08:45:00,23.323,283.417
8.8333,01JAN2000 08:50:00,23.327,284.904
8.9167,01JAN2000 08:55:00,23.33,285.963
9.0,01JAN2000 09:00:00,23.332,286.725
9.0833,01JAN2000 09:05:00,23.333,287.406
9.1667,01JAN2000 09:10:00,23.336,288.082
9.25,01JAN2000 09:15:00,23.339,289.228
9.3333,01JAN2000 09:20:00,23.345,291.4
9.4167,01JAN2000 09:25:00,23.356,295.359
9.5,01JAN2000 09:30:00,23.371,301.128
9.5833,01JAN2000 09:35:00,23.389,307.715
9.6667,01JAN2000 09:40:00,23.406,314.284
9.75,01JAN2000 09:45:00,23.421,320.059
9.8333,01JAN2000 09:50:00,23.435,324.803
9.9167,01JAN2000 09:55:00,23.444,328.806
10.0,01JAN2000 10:00:00,23.456,333.104
10.0833,01JAN2000 10:05:00,23.469,338.635
10.1667,01JAN2000 10:10:00,23.487,345.649
10.25,01JAN2000 10:15:00,23.508,353.835
10.3333,01JAN2000 10:20:00,23.531,362.975
10.4167,01JAN2000 10:25:00,23.555,373.038
10.5,01JAN2000 10:30:00,23.581,383.864
10.5833,01JAN2000 10:35:00,23.608,394.83
10.6667,01JAN2000 10:40:00,23.635,406.186
10.75,01JAN2000 10:45:00,23.662,418.062
10.8333,01JAN2000 10:50:00,23.691,430.309
10.9167,01JAN2000 10:55:00,23.718,442.065
11.0,01JAN2000 11:00:00,23.744,453.639
11.0833,01JAN2000 11:05:00,23.774,466.633
11.1667,01JAN2000 11:10:00,23.809,482.36
11.25,01JAN2000 11:15:00,23.851,502.114
11.3333,01JAN2000 11:20:00,23.904,526.87
11.4167,01JAN2000 11:25:00,23.969,557.504
11.5,01JAN2000 11:30:00,24.044,594.024
11.5833,01JAN2000 11:35:00,24.13,637.491
11.6667,01JAN2000 11:40:00,24.23,689.381
11.75,01JAN2000 11:45:00,24.354,754.942
11.8333,01JAN2000 11:50:00,24.505,838.838
11.9167,01JAN2000 11:55:00,24.719,964.276
12.0,01JAN2000 12:00:00,25.019,1152.31
12.0833,01JAN2000 12:05:00,25.392,1403.16
12.1667,01JAN2000 12:10:00,25.789,1691.517
12.25,01JAN2000 12:15:00,26.1,1931.9
12.3333,01JAN2000 12:20:00,26.278,2075.589
12.4167,01JAN2000 12:25:00,26.31,2101.279
12.5,01JAN2000 12:30:00,26.222,2026.56
12.5833,01JAN2000 12:35:00,26.027,1874.438
12.6667,01JAN2000 12:40:00,25.785,1688.44
12.75,01JAN2000 12:45:00,25.544,1509.2
12.8333,01JAN2000 12:50:00,25.308,1343.36
12.9167,01JAN2000 12:55:00,25.097,1201.242
13.0,01JAN2000 13:00:00,24.904,1077.21
13.0833,01JAN2000 13:05:00,24.735,972.856
13.1667,01JAN2000 13:10:00,24.58,882.309
13.25,01JAN2000 13:15:00,24.448,806.463
13.3333,01JAN2000 13:20:00,24.331,741.793
13.4167,01JAN2000 13:25:00,24.227,686.858
13.5,01JAN2000 13:30:00,24.134,639.077
13.5833,01JAN2000 13:35:00,24.054,598.361
13.6667,01JAN2000 13:40:00,23.982,563.309
13.75,01JAN2000 13:45:00,23.92,533.695
13.8333,01JAN2000 13:50:00,23.865,508.086
13.9167,01JAN2000 13:55:00,23.816,485.647
14.0,01JAN2000 14:00:00,23.771,465.191
14.0833,01JAN2000 14:05:00,23.731,447.414
14.1667,01JAN2000 14:10:00,23.697,432.489
14.25,01JAN2000 14:15:00,23.669,420.121
14.3333,01JAN2000 14:20:00,23.643,409.238
14.4167,01JAN2000 14:25:00,23.619,399.122
14.5,01JAN2000 14:30:00,23.594,388.875
14.5833,01JAN2000 14:35:00,23.57,378.91
14.6667,01JAN2000 14:40:00,23.548,369.788
14.75,01JAN2000 14:45:00,23.529,362.195
14.8333,01JAN2000 14:50:00,23.514,356.143
14.9167,01JAN2000 14:55:00,23.502,351.191
15.0,01JAN2000 15:00:00,23.489,346.205
15.0833,01JAN2000 15:05:00,23.474,340.227
15.1667,01JAN2000 15:10:00,23.455,332.998
15.25,01JAN2000 15:15:00,23.436,325.342
15.3333,01JAN2000 15:20:00,23.416,317.959
15.4167,01JAN2000 15:25:00,23.399,311.492
15.5,01JAN2000 15:30:00,23.385,306.128
15.5833,01JAN2000 15:35:00,23.374,302.238
15.6667,01JAN2000 15:40:00,23.367,299.385
15.75,01JAN2000 15:45:00,23.361,297.242
15.8333,01JAN2000 15:50:00,23.357,295.593
15.9167,01JAN2000 15:55:00,23.354,294.437
16.0,01JAN2000 16:00:00,23.351,293.62
16.0833,01JAN2000 16:05:00,23.348,292.394
16.1667,01JAN2000 16:10:00,23.342,290.117
16.25,01JAN2000 16:15:00,23.331,286.065
16.3333,01JAN2000 16:20:00,23.315,280.17
16.4167,01JAN2000 16:25:00,23.296,273.393
16.5,01JAN2000 16:30:00,23.277,266.643
16.5833,01JAN2000 16:35:00,23.26,260.789
16.6667,01JAN2000 16:40:00,23.247,256.088
16.75,01JAN2000 16:45:00,23.237,252.795
16.8333,01JAN2000 16:50:00,23.23,250.381
16.9167,01JAN2000 16:55:00,23.225,248.546
17.0,01JAN2000 17:00:00,23.221,247.081
17.0833,01JAN2000 17:05:00,23.217,245.964
17.1667,01JAN2000 17:10:00,23.215,245.127
17.25,01JAN2000 17:15:00,23.213,244.473
17.3333,01JAN2000 17:20:00,23.211,243.967
17.4167,01JAN2000 17:25:00,23.211,243.631
17.5,01JAN2000 17:30:00,23.21,243.412
17.5833,01JAN2000 17:35:00,23.21,243.209
17.6667,01JAN2000 17:40:00,23.209,243.024
17.75,01JAN2000 17:45:00,23.209,242.929
17.8333,01JAN2000 17:50:00,23.209,242.892
17.9167,01JAN2000 17:55:00,23.208,242.822
18.0,01JAN2000 18:00:00,23.208,242.735
18.0833,01JAN2000 18:05:00,23.208,242.755
18.1667,01JAN2000 18:10:00,23.208,242.903
18.25,01JAN2000 18:15:00,23.209,243.072
18.3333,01JAN2000 18:20:00,23.209,243.187
18.4167,01JAN2000 18:25:00,23.209,243.219
18.5,01JAN2000 18:30:00,23.209,243.167
18.5833,01JAN2000 18:35:00,23.209,243.08
18.6667,01JAN2000 18:40:00,23.209,243.004
18.75,01JAN2000 18:45:00,23.209,242.919
18.8333,01JAN2000 18:50:00,23.209,242.826
18.9167,01JAN2000 18:55:00,23.206,242.227
19.0,01JAN2000 19:00:00,23.202,240.491
19.0833,01JAN2000 19:05:00,23.19,236.753
19.1667,01JAN2000 19:10:00,23.173,231.015
19.25,01JAN2000 19:15:00,23.154,224.428
19.3333,01JAN2000 19:20:00,23.134,217.88
19.4167,01JAN2000 19:25:00,23.116,212.051
19.5,01JAN2000 19:30:00,23.101,207.214
19.5833,01JAN2000 19:35:00,23.09,203.844
19.6667,01JAN2000 19:40:00,23.082,201.491
19.75,01JAN2000 19:45:00,23.078,199.792
19.8333,01JAN2000 19:50:00,23.073,198.488
19.9167,01JAN2000 19:55:00,23.07,197.49
20.0,01JAN2000 20:00:00,23.067,196.687
20.0833,01JAN2000 20:05:00,23.065,196.048
20.1667,01JAN2000 20:10:00,23.064,195.57
20.25,01JAN2000 20:15:00,23.063,195.192
20.3333,01JAN2000 20:20:00,23.062,194.888
20.4167,01JAN2000 20:25:00,23.061,194.694
20.5,01JAN2000 20:30:00,23.06,194.577
20.5833,01JAN2000 20:35:00,23.06,194.458
20.6667,01JAN2000 20:40:00,23.06,194.341
20.75,01JAN2000 20:45:00,23.06,194.285
20.8333,01JAN2000 20:50:00,23.06,194.271
20.9167,01JAN2000 20:55:00,23.06,194.229
21.0,01JAN2000 21:00:00,23.06,194.175
21.0833,01JAN2000 21:05:00,23.06,194.209
21.1667,01JAN2000 21:10:00,23.06,194.341
21.25,01JAN2000 21:15:00,23.06,194.48
21.3333,01JAN2000 21:20:00,23.06,194.572
21.4167,01JAN2000 21:25:00,23.06,194.597
21.5,01JAN2000 21:30:00,23.06,194.555
21.5833,01JAN2000 21:35:00,23.06,194.485
21.6667,01JAN2000 21:40:00,23.06,194.424
21.75,01JAN2000 21:45:00,23.06,194.356
21.8333,01JAN2000 21:50:00,23.06,194.284
21.9167,01JAN2000 21:55:00,23.06,194.263
22.0,01JAN2000 22:00:00,23.06,194.273
22.0833,01JAN2000 22:05:00,23.06,194.249
22.1667,01JAN2000 22:10:00,23.06,194.203
22.25,01JAN2000 22:15:00,23.06,194.202
22.3333,01JAN2000 22:20:00,23.06,194.229
22.4167,01JAN2000 22:25:00,23.06,194.216
22.5,01JAN2000 22:30:00,23.06,194.179
22.5833,01JAN2000 22:35:00,23.06,194.218
22.6667,01JAN2000 22:40:00,23.06,194.35
22.75,01JAN2000 22:45:00,23.06,194.488
22.8333,01JAN2000 22:50:00,23.06,194.58
22.9167,01JAN2000 22:55:00,23.06,194.605
23.0,01JAN2000 23:00:00,23.06,194.563
23.0833,01JAN2000 23:05:00,23.06,194.493
23.1667,01JAN2000 23:10:00,23.06,194.432
23.25,01JAN2000 23:15:00,23.06,194.364
23.3333,01JAN2000 23:20:00,23.06,194.292
23.4167,01JAN2000 23:25:00,23.06,194.271
23.5,01JAN2000 23:30:00,23.06,194.281
23.5833,01JAN2000 23:35:00,23.06,194.257
23.6667,01JAN2000 23:40:00,23.06,194.211
23.75,01JAN2000 23:45:00,23.06,194.21
23.8333,01JAN2000 23:50:00,23.06,194.237
23.9167,01JAN2000 23:55:00,23.061,194.789
24.0,02JAN2000 00:00:00,23.066,196.5
24.0833,02JAN2000 00:05:00,23.069,197.388
24.1667,02JAN2000 00:10:00,23.061,194.418
24.25,02JAN2000 00:15:00,23.022,182.511
24.3333,02JAN2000 00:20:00,22.948,160.663
24.4167,02JAN2000 00:25:00,22.849,133.548
24.5,02JAN2000 00:30:00,22.739,105.451
24.5833,02JAN2000 00:35:00,22.624,79.758
24.6667,02JAN2000 00:40:00,22.498,58.2
24.75,02JAN2000 00:45:00,22.392,42.966
24.8333,02JAN2000 00:50:00,22.302,31.918
24.9167,02JAN2000 00:55:00,22.226,23.744
25.0,02JAN2000 01:00:00,22.154,17.517
25.0833,02JAN2000 01:05:00,22.093,12.959
25.1667,02JAN2000 01:10:00,22.043,9.564
25.25,02JAN2000 01:15:00,22.0,7.028
25.3333,02JAN2000 01:20:00,21.965,5.171
25.4167,02JAN2000 01:25:00,21.933,3.793
25.5,02JAN2000 01:30:00,21.905,2.761
25.5833,02JAN2000 01:35:00,21.877,1.99
25.6667,02JAN2000 01:40:00,21.851,1.419
25.75,02JAN2000 01:45:00,21.828,1.001
25.8333,02JAN2000 01:50:00,21.804,0.684
25.9167,02JAN2000 01:55:00,21.778,0.44
26.0,02JAN2000 02:00:00,21.744,0.251
26.0833,02JAN2000 02:05:00,21.683,0.11
26.1667,02JAN2000 02:10:00,21.61,0.024
26.25,02JAN2000 02:15:00,21.3,0.0
26.3333,02JAN2000 02:20:00,21.287,0.0
26.4167,02JAN2000 02:25:00,21.282,0.0
26.5,02JAN2000 02:30:00,21.277,0.0
26.5833,02JAN2000 02:35:00,21.274,0.0
26.6667,02JAN2000 02:40:00,21.272,0.0
26.75,02JAN2000 02:45:00,21.27,0.0
26.8333,02JAN2000 02:50:00,21.269,0.0
26.9167,02JAN2000 02:55:00,21.268,0.0
27.0,02JAN2000 03:00:00,21.267,0.0
27.0833,02JAN2000 03:05:00,21.266,0.0
27.1667,02JAN2000 03:10:00,21.266,0.0
27.25,02JAN2000 03:15:00,21.265,0.0
27.3333,02JAN2000 03:20:00,21.265,0.0
27.4167,02JAN2000 03:25:00,21.264,0.0
27.5,02JAN2000 03:30:00,21.264,0.0
27.5833,02JAN2000 03:35:00,21.264,0.0
27.6667,02JAN2000 03:40:00,21.263,0.0
27.75,02JAN2000 03:45:00,21.263,0.0
27.8333,02JAN2000 03:50:00,21.263,0.0
27.9167,02JAN2000 03:55:00,21.263,0.0
28.0,02JAN2000 04:00:00,21.262,0.0
28.0833,02JAN2000 04:05:00,21.262,0.0
28.1667,02JAN2000 04:10:00,21.262,0.0
28.25,02JAN2000 04:15:00,21.262,0.0
28.3333,02JAN2000 04:20:00,21.262,0.0
28.4167,02JAN2000 04:25:00,21.261,0.0
28.5,02JAN2000 04:30:00,21.261,0.0
28.5833,02JAN2000 04:35:00,21.261,0.0
28.6667,02JAN2000 04:40:00,21.261,0.0
28.75,02JAN2000 04:45:00,21.261,0.0
28.8333,02JAN2000 04:50:00,21.261,0.0
28.9167,02JAN2000 04:55:00,21.261,0.0
29.0,02JAN2000 05:00:00,21.26,0.0
29.0833,02JAN2000 05:05:00,21.26,0.0
29.1667,02JAN2000 05:10:00,21.26,0.0
29.25,02JAN2000 05:15:00,21.26,0.0
29.3333,02JAN2000 05:20:00,21.26,0.0
29.4167,02JAN2000 05:25:00,21.26,0.0
29.5,02JAN2000 05:30:00,21.26,0.0
29.5833,02JAN2000 05:35:00,21.26,0.0
29.6667,02JAN2000 05:40:00,21.26,0.0
29.75,02JAN2000 05:45:00,21.26,0.0
29.8333,02JAN2000 05:50:00,21.259,0.0
29.9167,02JAN2000 05:55:00,21.259,0.0
30.0,02JAN2000 06:00:00,21.259,0.0
30.0833,02JAN2000 06:05:00,21.259,0.0
30.1667,02JAN2000 06:10:00,21.259,0.0
30.25,02JAN2000 06:15:00,21.259,0.0
30.3333,02JAN2000 06:20:00,21.259,0.0
30.4167,02JAN2000 06:25:00,21.259,0.0
30.5,02JAN2000 06:30:00,21.259,0.0
30.5833,02JAN2000 06:35:00,21.259,0.0
30.6667,02JAN2000 06:40:00,21.259,0.0
30.75,02JAN2000 06:45:00,21.259,0.0
30.8333,02JAN2000 06:50:00,21.259,0.0
30.9167,02JAN2000 06:55:00,21.259,0.0
31.0,02JAN2000 07:00:00,21.258,0.0
31.0833,02JAN2000 07:05:00,21.258,0.0
31.1667,02JAN2000 07:10:00,21.258,0.0
31.25,02JAN2000 07:15:00,21.258,0.0
31.3333,02JAN2000 07:20:00,21.258,0.0
31.4167,02JAN2000 07:25:00,21.258,0.0
31.5,02JAN2000 07:30:00,21.258,0.0
31.5833,02JAN2000 07:35:00,21.258,0.0
31.6667,02JAN2000 07:40:00,21.258,0.0
31.75,02JAN2000 07:45:00,21.258,0.0
31.8333,02JAN2000 07:50:00,21.258,0.0
31.9167,02JAN2000 07:55:00,21.258,0.0
32.0,02JAN2000 08:00:00,21.258,0.0
32.0833,02JAN2000 08:05:00,21.258,0.0
32.1667,02JAN2000 08:10:00,21.258,0.0
32.25,02JAN2000 08:15:00,21.258,0.0
32.3333,02JAN2000 08:20:00,21.258,0.0
32.4167,02JAN2000 08:25:00,21.258,0.0
32.5,02JAN2000 08:30:00,21.258,0.0
32.5833,02JAN2000 08:35:00,21.258,0.0
32.6667,02JAN2000 08:40:00,21.258,0.0
32.75,02JAN2000 08:45:00,21.258,0.0
32.8333,02JAN2000 08:50:00,21.257,0.0
32.9167,02JAN2000 08:55:00,21.257,0.0
33.0,02JAN2000 09:00:00,21.257,0.0
33.0833,02JAN2000 09:05:00,21.257,0.0
33.1667,02JAN2000 09:10:00,21.257,0.0
33.25,02JAN2000 09:15:00,21.257,0.0
33.3333,02JAN2000 09:20:00,21.257,0.0
33.4167,02JAN2000 09:25:00,21.257,0.0
33.5,02JAN2000 09:30:00,21.257,0.0
33.5833,02JAN2000 09:35:00,21.257,0.0
33.6667,02JAN2000 09:40:00,21.257,0.0
33.75,02JAN2000 09:45:00,21.257,0.0
33.8333,02JAN2000 09:50:00,21.257,0.0
33.9167,02JAN2000 09:55:00,21.257,0.0
34.0,02JAN2000 10:00:00,21.257,0.0
34.0833,02JAN2000 10:05:00,21.257,0.0
34.1667,02JAN2000 10:10:00,21.257,0.0
34.25,02JAN2000 10:15:00,21.257,0.0
34.3333,02JAN2000 10:20:00,21.257,0.0
34.4167,02JAN2000 10:25:00,21.257,0.0
34.5,02JAN2000 10:30:00,21.257,0.0
34.5833,02JAN2000 10:35:00,21.257,0.0
34.6667,02JAN2000 10:40:00,21.257,0.0
34.75,02JAN2000 10:45:00,21.257,0.0
34.8333,02JAN2000 10:50:00,21.257,0.0
34.9167,02JAN2000 10:55:00,21.257,0.0
35.0,02JAN2000 11:00:00,21.257,0.0
35.0833,02JAN2000 11:05:00,21.257,0.0
35.1667,02JAN2000 11:10:00,21.257,0.0
35.25,02JAN2000 11:15:00,21.257,0.0
35.3333,02JAN2000 11:20:00,21.257,0.0
35.4167,02JAN2000 11:25:00,21.257,0.0
35.5,02JAN2000 11:30:00,21.257,0.0
35.5833,02JAN2000 11:35:00,21.257,0.0
35.6667,02JAN2000 11:40:00,21.257,0.0
35.75,02JAN2000 11:45:00,21.257,0.0
35.8333,02JAN2000 11:50:00,21.256,0.0
35.9167,02JAN2000 11:55:00,21.256,0.0
36.0,02JAN2000 12:00:00,21.256,0.0
