time (hr),2yr,5yr,10yr,25yr,50yr,100yr,200yr,500yr,1000yr,2000yr,5000yr,10000yr,PMP
0.0,0.0,0.0,0.0,0.0,0.0,0.0,0.0,0.0,0.0,0.0,0.0,0.0,0.0
0.08333333333333333,0.0,0.0,0.0,0.0,0.0,0.0,0.0,0.0,0.0,0.0,0.0,0.0,0.0
0.16666666666666666,0.0,0.0,0.0,0.0,0.0,0.0,0.0,0.0,0.0,0.0,0.0,0.0,0.0
0.25,0.0,0.0,0.0,0.0,0.0,0.0,0.0,0.0,0.0,0.0,0.0,0.0,0.09439221110911508
0.3333333333333333,0.0,0.0,0.0,0.0,0.0,0.0,0.0,0.0,0.0,0.0,0.0,0.0,0.6964855577085256
0.4166666666666667,0.0,0.0,0.0,0.0,0.0,0.0,0.0,0.0,0.0,0.0,0.0,0.0,2.5419137177348894
0.5,0.0,0.0,0.0,0.0,0.0,0.0,0.0,0.0,0.0,0.0,0.0,0.0,6.567024370422778
0.5833333333333334,0.0,0.0,0.0,0.0,0.0,0.0,0.0,0.0,0.0,0.0,0.0,0.0,13.360132892912434
0.6666666666666666,0.0,0.0,0.0,0.0,0.0,0.0,0.0,0.0,0.0,0.0,0.0,0.0,22.788505454402046
0.75,0.0,0.0,0.0,0.0,0.0,0.0,0.0,0.0,0.0,0.0,0.0,0.0,34.224949485648345
0.8333333333333334,0.0,0.0,0.0,0.0,0.0,0.0,0.0,0.0,0.0,0.0,0.0,4.13354878582894e-05,46.821439305331054
0.9166666666666666,0.0,0.0,0.0,0.0,0.0,0.0,0.0,0.0,0.0,0.0,0.0011099790414415072,0.011783021463315087,59.74442266931983
1.0,0.0,0.0,0.0,0.0,0.0,0.0,0.0,0.0,0.0,0.0,0.018631274578322962,0.06763713338087232,72.23027637626674
1.0833333333333333,0.0,0.0,0.0,0.0,0.0,0.0,0.0,0.0,0.0,0.0,0.08900423255978598,0.2275773083893109,83.8713750872689
1.1666666666666667,0.0,0.0,0.0,0.0,0.0,0.0,0.0,0.0,0.0,0.00022393951368385656,0.27123117755636794,0.5635096479459704,94.51801593698286
1.25,0.0,0.0,0.0,0.0,0.0,0.0,0.0,0.0,0.0,0.008140622952584456,0.6229401742669526,1.1190920228774326,104.17510153055254
1.3333333333333333,0.0,0.0,0.0,0.0,0.0,0.0,0.0,0.0,0.0,0.04205930201073723,1.1691616072706335,1.8954151415838785,112.85044101701271
1.4166666666666667,0.0,0.0,0.0,0.0,0.0,0.0,0.0,0.0,0.0,0.13485107936282378,1.90185099280277,2.860114620475277,120.56105919230781
1.5,0.0,0.0,0.0,0.0,0.0,0.0,0.0,0.0,0.0,0.32383593878973427,2.7923356613916868,3.970284753003911,127.3929371824134
1.5833333333333333,0.0,0.0,0.0,0.0,0.0,0.0,0.0,0.0,0.0,0.6358970864305251,3.819253232715363,5.195814704136366,133.50261912764296
1.6666666666666667,0.0,0.0,0.0,0.0,0.0,0.0,0.0,0.0,0.00022286926889805166,1.0792168664187225,4.951265775577795,6.509488905361552,138.9951314196364
1.75,0.0,0.0,0.0,0.0,0.0,0.0,0.0,0.0,0.005573658440771373,1.640194188964487,6.149289515445416,7.875793301919004,143.88477100854072
1.8333333333333333,0.0,0.0,0.0,0.0,0.0,0.0,0.0,0.0,0.027615461441958353,2.292410426505465,7.375650591504496,9.258024303372014,148.1977014419035
1.9166666666666667,0.0,0.0,0.0,0.0,0.0,0.0,0.0,0.0,0.08475522271746486,3.000965152523592,8.596736581365736,10.620434081187897,151.9811394863251
2.0,0.0,0.0,0.0,0.0,0.0,0.0,0.0,9.478437024598595e-05,0.19635680922022217,3.741302176973477,9.794718953295,11.945150019183174,155.2959923887728
2.0833333333333335,0.0,0.0,0.0,0.0,0.0,0.0,0.0,0.003344967635250602,0.37286254250689826,4.504462835912248,10.974343513506625,13.240462390752807,158.22872689455022
2.1666666666666665,0.0,0.0,0.0,0.0,0.0,0.0,0.0,0.017277307207164427,0.6146808658102806,5.284002831356947,12.141712598705737,14.516074754579487,160.85415086116785
2.25,0.0,0.0,0.0,0.0,0.0,0.0,0.0,0.05479994644256117,0.9164030087626225,6.072046410262926,13.293332499528912,15.769503507474026,163.1954221982493
2.3333333333333335,0.0,0.0,0.0,0.0,0.0,0.0,0.0,0.13034903698183997,1.2683055221903592,6.867057010067149,14.43564878065634,17.00953073277018,165.28901474391907
2.4166666666666665,0.0,0.0,0.0,0.0,0.0,0.0,0.0,0.25341326839612904,1.6580542831008487,7.674660665857502,15.585447620364848,18.25634993204148,167.20945349415547
2.5,0.0,0.0,0.0,0.0,0.0,0.0,0.0,0.42627653699714935,2.07576716328587,8.489974518317132,16.736938191395208,19.503570229509062,168.96506978411807
2.5833333333333335,0.0,0.0,0.0,0.0,0.0,0.0,0.0006583162343915948,0.6442931601295265,2.5130551648952393,9.294135551956504,17.857344039134073,20.71360445602359,170.52110125530487
2.6666666666666665,0.0,0.0,0.0,0.0,0.0,0.0,0.005169823733797468,0.8986109672434017,2.961032953719883,10.079457530142276,18.93616878999036,21.87502517024323,171.91085244334172
2.75,0.0,0.0,0.0,0.0,0.0,0.0,0.01992272881194654,1.1772284537747628,3.409352358422061,10.842075627826647,19.969616208391873,22.984052366850076,173.21167142959516
2.8333333333333335,0.0,0.0,0.0,0.0,0.0,0.0,0.054059265097651854,1.4711145061229403,3.8537013092906087,11.577791478215447,20.95271826270744,24.035425417197445,174.42464033915624
2.9166666666666665,0.0,0.0,0.0,0.0,0.0,0.0,0.11594276243252147,1.7771440818418023,4.297402929012087,12.285421474765975,21.884282527995406,25.02785356274016,175.50155686656618
3.0,0.0,0.0,0.0,0.0,0.0,0.0,0.20921564973468876,2.0934847210399896,4.743484600895657,12.979182461706262,22.79040847853701,25.991256458536256,176.46786618678428
3.0833333333333335,0.0,0.0,0.0,0.0,0.0,0.000501098831744281,0.3339560446885066,2.4194824943279962,5.194653555842512,13.672736380470564,23.69536285337931,26.953319313078726,177.42453471388927
3.1666666666666665,0.0,0.0,0.0,0.0,0.0,0.00406297876548572,0.4872420334323933,2.7554269150124244,5.654693183289367,14.362568053933073,24.593903018189813,27.908382707651395,178.39775717807575
3.25,0.0,0.0,0.0,0.0,0.0,0.015558423799993025,0.66446082647359,3.1015543543803843,6.12602653474125,15.03400161679585,25.461584680565384,28.828960724610997,179.31444499512116
3.3333333333333335,0.0,0.0,0.0,0.0,0.0,0.04193819299602923,0.8592969163651171,3.4546664107088536,6.603999527851977,15.68957748348517,26.302932103456175,29.720182604452006,180.1301490348532
3.4166666666666665,0.0,0.0,0.0,0.0,0.0,0.0893040981645391,1.0656095588453343,3.8070110245654374,7.075590995069106,16.349789366422485,27.151737098280147,30.620004887773142,180.8313588338459
3.5,0.0,0.0,0.0,0.0,0.0,0.1600405975781841,1.2791597373992536,4.154946278525996,7.535657280709413,17.017389860876964,28.01261397515914,31.533580583229828,181.42297527902926
3.5833333333333335,0.0,0.0,0.0,0.0,0.0,0.2538770086316479,1.4984042068600676,4.499575650899214,7.986773118551432,17.676428950536607,28.85923040256923,32.431238781247345,181.9457634780487
3.6666666666666665,0.0,0.0,0.0,0.0,0.0004901405358085256,0.3682814705316711,1.7228068108822314,4.843927586142902,8.434744706866304,18.33328988844519,29.701900796534847,33.32454718654272,182.43836245240146
3.75,0.0,0.0,0.0,0.0,0.0035274971912511383,0.49997096437110705,1.9523262740230243,5.190266798724668,8.883499155285614,19.008043895629445,30.572506445302434,34.249125895267554,182.88809294997193
3.8333333333333335,0.0,0.0,0.0,0.0,0.012972771326507095,0.6446775266607049,2.187048435757856,5.541303254773735,9.33802361557652,19.695036792397723,31.461842633775653,35.19463605297535,183.3016395717334
3.9166666666666665,0.0,0.0,0.0,0.0,0.03403542456762518,0.7986142377952452,2.4247332972137476,5.893659532586588,9.793126370163305,20.356775760368336,32.31064872949993,36.094935024451985,183.73288983422023
4.0,0.0,0.0,0.0,0.0,0.07093370289074104,0.9585667409783134,2.662420811283121,6.24197881900409,10.240459308798117,20.987526319905797,33.11069750927324,36.94103699859361,184.16694975016424
4.083333333333333,0.0,0.0,0.0,0.0,0.12549132467301674,1.1227592946461467,2.898788734227797,6.583777700250687,10.676035615118076,21.602850897618556,33.8865327864631,37.76032028749632,184.5428398240435
4.166666666666667,0.0,0.0,0.0,0.0,0.1973917393713468,1.2908168122373214,3.1354592282059883,6.92300001105311,11.106242720552657,22.21034878746463,34.650005935410185,38.56597152618917,184.87509054469783
4.25,0.0,0.0,0.0,0.0,0.2849994285916742,1.463462406729914,3.3755001583467124,7.266170100952009,11.541315148102592,22.806798490529534,35.39582583968452,39.35203618647544,185.2284584057219
4.333333333333333,0.0,0.0,0.0,0.00037774888451232446,0.38542694303952063,1.6405508230257178,3.620049459812526,7.616139762597431,11.98595838717504,23.406308529207585,36.14616092568383,40.14322248298272,185.58883300297512
4.416666666666667,0.0,0.0,0.0,0.002754748927263221,0.49534445997684357,1.820797055161922,3.8671889734068916,7.969032214837725,12.434071209818482,24.02008817164597,36.918211911721144,40.958604014692504,185.89272005942337
4.5,0.0,0.0,0.0,0.010189629658360568,0.6127707804650732,2.0041650977185146,4.117302099753288,8.325573391979992,12.886651205471198,24.644737023236267,37.70661213500868,41.79219029960686,186.1567446055089
4.583333333333333,0.0,0.0,0.0,0.02690348858272776,0.7371554182656352,2.1924715311125285,4.373956741728597,8.692391030023742,13.353494733241721,25.26249851142218,38.484259936327625,42.61395612990259,186.4774499184202
4.666666666666667,0.0,0.0,0.0,0.05640366777377746,0.8676496417473836,2.38585349901894,4.637534723521974,9.070118951163687,13.835425838306207,25.86706575438236,39.24197627871669,43.41383655012566,186.8737766427856
4.75,0.0,0.0,0.0,0.09984257512480878,1.0014772561450382,2.5795433375694965,4.899418548651615,9.442549001488992,14.308093436307752,26.44936740022519,39.96623075140356,44.17691472006768,187.26312497006126
4.833333333333333,0.0,0.0,0.0,0.15640366745689313,1.1365309652397455,2.7706884784454275,5.15505492790637,9.801865185967051,14.760258751336126,27.012661720046555,40.66214343769224,44.908893265790226,187.5944587528888
4.916666666666667,0.0,0.0,0.0,0.22439825020883303,1.2721532951145116,2.958992313251722,5.404176285614852,10.147797437266854,15.1916663486684,27.577893961017686,41.360617282188656,45.64374976587081,187.8493267106527
5.0,0.0,0.0,0.0,0.3017684867256142,1.4088048086207823,3.1461721213552902,5.6499216319051655,10.486133248494966,15.610912645499194,28.172180747677793,42.10187095039133,46.42575705121543,188.0282291422315
5.083333333333333,0.0,0.0,0.0,0.3870196698616347,1.5486998969166261,3.336867494144519,5.9000836837173525,10.830544820942219,16.037794884038647,28.80338350363362,42.8972727947652,47.26735712658286,188.16932033561355
5.166666666666667,0.0,0.0,0.0,0.47914000592303224,1.6938130451275213,3.5354642135315744,6.162310803612794,11.19484426280051,16.492610784093017,29.46281518054219,43.73403463548236,48.154492289064514,188.30959291583915
5.25,0.0,0.0,0.0,0.5771083461967852,1.8441045654579378,3.7419806049999083,6.436591805993881,11.578866439623052,16.97502126852591,30.122455635838776,44.57064420248924,49.04147203911451,188.9887219481899
5.333333333333333,0.0,0.0,0.0,0.679868352325196,1.9985872399686335,3.95453491435375,6.7197190190781315,11.97680523173021,17.476497358233708,30.774276008370453,45.39512129007268,49.91508816916614,190.81217903505149
5.416666666666667,0.0,0.0,0.0,0.7857994105141117,2.1546279230360645,4.168252135661157,7.003600981561435,12.374477782724425,17.976528757390714,31.422008385101833,46.21271438743782,50.78104770188212,194.5956894148285
5.5,0.0,0.0,0.0,0.8933492093089728,2.309705624309826,4.378680992621337,7.281028883141987,12.759527279439089,18.45745523270878,32.06894170602181,47.028551119541106,51.64505202157415,200.33445976602246
5.583333333333333,0.0,0.0,0.0,1.0014508827836648,2.4620082987177936,4.582519626515064,7.546560859309757,13.122494399719965,18.90565895455676,32.69101364481589,47.807550262494566,52.46862382526148,206.90853982867196
5.666666666666667,0.0,0.0,0.0,1.110513744358467,2.6133024617380736,4.783199038233611,7.805921576559427,13.473447281641505,19.33573774014418,33.29963505434674,48.56657798348253,53.27031403330036,213.4477760199639
5.75,0.0,0.0,0.0,1.2223465894035195,2.767778986565316,4.988099703513068,8.070849807482848,13.832223196276257,19.775845082120856,33.91577209402551,49.336104021047326,54.08351456618548,219.2915960938712
5.833333333333333,0.0,0.0,0.0,1.3382099968243848,2.9283811556050057,5.2024418594631365,8.349668652243082,14.212919372203284,20.24601504109644,34.53894996258406,50.11563199925948,54.90772494453393,224.17994859816602
5.916666666666667,0.0,0.0,0.0,1.4577685621855256,3.0944320719155667,5.424962045718799,8.640256040233513,14.61179719285616,20.740832699793664,35.139657689461565,50.8624374603046,55.69615630482523,227.6686687088242
6.0,0.0,0.0,0.0,1.580381398299472,3.2647668271038337,5.653662914235899,8.939461315472737,15.023581633661934,21.252858302900368,35.72837298919112,51.591822199517104,56.46559462792619,230.22425691926452
6.083333333333333,0.0,0.0,0.0,1.7067270102472993,3.4404508916475334,5.890029217463628,9.249296775035708,15.451176272256266,21.78583901272699,36.34926123213575,52.366975401822174,57.285057035702486,232.23450334850716
6.166666666666667,0.0,0.0,0.0,1.8378455040625363,3.623201203183012,6.136624982747695,9.573435839121634,15.900210932958904,22.34732902604691,37.02371236920702,53.21826471298697,58.187654824299074,233.92350006392493
6.25,0.0,0.0,0.0,1.9730794289321778,3.811619541415569,6.390948925599307,9.907852615259715,16.36382646059111,22.92756152012671,37.72225144504465,54.103276071985555,59.127000824294036,235.25293237323024
6.333333333333333,0.0,0.0,0.0,2.1108477445206706,4.0030580333900065,6.648868992322123,10.246444228674505,16.83240043910449,23.513417293254907,38.4259128165412,54.99524606757548,60.073948568020576,236.26315284061096
6.416666666666667,0.0,0.0,0.0,2.247618788921496,4.191120669115685,6.899985525369719,10.573407970737644,17.280316447623477,24.069389924143582,39.10749745197138,55.855487369907685,60.98629337558307,236.99713616049684
6.5,0.0,0.0,0.0,2.3835306904950295,4.37613401240682,7.144858107840259,10.889627558355928,17.70906747315211,24.597604518258496,39.7607253705506,56.67503740253605,61.85424914865347,237.49599396936418
6.583333333333333,0.0,0.0,0.0,2.522183381262687,4.564412881494264,7.393506460661198,11.210089328041406,18.14260667454796,25.131009480312002,40.4039871244703,57.47969321152118,62.705870145463194,237.84959136842792
6.666666666666667,0.0,0.0,0.0,2.6653749746556787,4.7592544088455,7.65130207321335,11.542972646217617,18.594232694323924,25.688079811555443,41.0700299072568,58.31607648895428,63.59202342591367,238.13314894219812
6.75,0.0,0.0,0.0,2.8113764281082174,4.957475229466531,7.913042458325583,11.88034850351249,19.051063184940727,26.25094145793224,41.762253887263526,59.18882486256059,64.51772028773897,238.34450799906188
6.833333333333333,0.0,0.0,0.0,2.9618801992323274,5.161984135381271,8.183304022565219,12.229025253556951,19.523932398434944,26.834466068100703,42.493795313423846,60.11643946929605,65.50309888825385,238.50280581895908
6.916666666666667,0.0,0.0,0.0,3.120442463222563,5.378718546702575,8.471259624465658,12.602470492806107,20.033987669482848,27.467447176192845,43.27549575113045,61.11391022177005,66.56440945690008,238.6849026983138
7.0,0.0,0.0,0.0,3.2860097596694233,5.60576634530116,8.773810145804255,12.995988406265793,20.573643809953126,28.139396720548316,44.09917448395898,62.16956974425465,67.68891619738756,238.87901405639448
7.083333333333333,0.0,0.0,0.0,3.4521010639070595,5.83208820589456,9.073697171294086,13.384041209708807,21.102523343085544,28.7951381484051,44.93201660078544,63.23692229455423,68.82594022130552,239.00961439478536
7.166666666666667,0.0,0.0,0.0,3.618108203532424,6.056821363722435,9.369740379066856,13.765061402572446,21.618430036016175,29.4319007390897,45.78012349637131,64.32455531722,69.98482757647133,239.0964651200758
7.25,0.0,0.0,0.0,3.78657258466271,6.28414417301184,9.668333382403452,14.148373854740935,22.13591533729684,30.069428622369653,46.64765004686213,65.4381340954389,71.17170131018577,239.2223132036641
7.333333333333333,0.0,0.0,0.0,3.9585351936512545,6.515762621915665,9.972083251714478,14.537780047450402,22.660914965685794,30.715781483592206,47.53652839014322,66.58042884756591,72.38958757792099,239.36708613875447
7.416666666666667,0.0,0.0,0.0,4.133853598782015,6.751184939668831,10.279987777162845,14.931562642795162,23.190372142288826,31.366524471487157,48.402495115240484,67.68959099622822,73.57127546399671,239.44730389306764
7.5,0.0,0.0,0.0,4.316980638104118,6.997582469431109,10.602870929750173,15.345348526621212,23.748424337075317,32.054209304476664,49.24015401319519,68.75847491412271,74.70909121046246,239.48989466768333
7.583333333333333,0.0,0.0,0.0,4.511866201271455,7.261123260764374,10.94984857329169,15.79209354185542,24.354770040793795,32.80515381806126,50.05898422150444,69.8002006224939,75.8172626931201,239.62197418723284
7.666666666666667,0.0,0.0,0.0,4.717523681528893,7.540134328703304,11.318316424100304,16.267961267631595,25.003380501968337,33.611156698077394,50.890130331120154,70.85808961864683,76.9428206642785,239.8662634381819
7.75,0.0,0.0,0.0,4.926407206514191,7.822538840745611,11.690134825838774,16.746874167948985,25.65418109735494,34.418362177757366,51.76808487399582,71.97963228538681,78.13720879297107,240.1158335295342
7.833333333333333,0.0,0.0,0.0,5.136456830102787,8.105169137596198,12.060679958767796,17.222332556205732,26.297418851217866,35.21385645857611,52.72969606779044,73.21591554458358,79.45584984472654,240.3046788533709
7.916666666666667,0.0,0.0,0.0,5.349552038247299,8.39082298240151,12.433948161805777,17.69987158363435,26.941295573991628,36.00843431092709,53.755377357828486,74.53962728363028,80.86907722007723,240.97407005264972
8.0,0.0,0.0,0.0,5.568726833407959,8.684179483427169,12.816796164392724,18.18917589803433,27.600447855856522,36.821584118008026,54.819569793186865,75.91540181512048,82.33853939396887,242.73355887593442
8.083333333333334,0.0,0.0,0.0,5.794016382722247,8.98509352268064,13.208808870585358,18.68944807248522,28.27336021773241,37.65105341407335,55.876802942255125,77.28024525260439,83.79590677369261,246.40476695599673
8.166666666666666,0.0,0.0,0.0,6.028709456871169,9.298684611940692,13.61753827654366,19.211409152210848,28.976320143155405,38.51859643828229,56.918290835522214,78.62213767292464,85.22817618092942,252.04277088090623
8.25,0.0,0.0,0.0,6.273471645272094,9.625839409894397,14.04414324529399,19.7565516465603,29.711375513069424,39.42678635484729,57.95801103453118,79.95997712711822,86.6557395179734,258.5500516652243
8.333333333333334,0.0,0.0,0.0,6.5280918936894405,9.966164434817335,14.487983030052277,20.323910256094056,30.47699134062872,40.37353128974674,59.05169700927,81.37048793876184,88.16170770418569,265.0344435101452
8.416666666666666,0.0,0.0,0.0,6.792221457646651,10.318836847701723,14.947563634163252,20.91107613567467,31.269092557108642,41.35308118213813,60.21531883366333,82.87539498143227,89.76955449133435,270.82727958901603
8.5,0.0,0.0,0.0,7.069088639343962,10.688630292963182,15.429669287785421,21.527407620512133,32.10148636482094,42.38356098695195,61.45047302288307,84.47700498918354,91.48180367098229,275.6606562917703
8.583333333333334,0.0,0.0,0.0,7.359553930454366,11.076562559650412,15.935477827211383,22.174242164940093,32.97571758615933,43.46667097692333,62.70778535654793,86.1073612185576,93.22484553845796,279.0693335163361
8.666666666666666,0.0,0.0,0.0,7.665288244303436,11.485071217929072,16.468422320471486,22.85628716111485,33.89869881606339,44.611467803044945,63.980764267212095,87.75753766108366,94.98901395630719,281.53160769940195
8.75,0.0,0.0,0.0,7.980742943144698,11.905733276013988,17.016317707613197,23.556525848521165,34.84505185614579,45.78445861592906,65.28325776104008,89.44612935920655,96.7943455545506,283.4165206993947
8.833333333333334,0.0,0.0,0.0,8.303862196276453,12.335540585196163,17.574935686066738,24.26919277613786,35.80640156986811,46.97477227202782,66.64211720610749,91.20991128944009,98.68063339964536,284.9044277242166
8.916666666666666,0.0,0.0,0.0,8.633833571811445,12.773023977355901,18.14191277763465,24.99074235891118,36.777108816895385,48.17470783828296,68.04666357795384,93.03386946943697,100.6315441503669,285.9633699899064
9.0,0.0,0.0,0.0,8.97701857805107,13.227450756739168,18.730267501036028,25.738963299482275,37.78315371117569,49.41815802432572,69.54126343167098,94.978491498132,102.71246729630188,286.7253429298921
9.083333333333334,0.0,0.0,0.0,9.342354074596118,13.711468956037924,19.357363223070085,26.53713521501158,38.85785035802622,50.748044949443056,71.15564780288486,97.08390224170213,104.96668671846265,287.40599193049604
9.166666666666666,0.0,0.0,0.0,9.739018954374254,14.238294864139482,20.04159580214172,27.410205703815862,40.037341983806485,52.211288554703636,72.88568771455671,99.34437525182824,107.38799082333362,288.0815986234332
9.25,0.0,0.0,0.0,10.163774542290508,14.80284783445273,20.775455279320933,28.347529726320676,41.30554175228567,53.78651445602783,74.6446754241334,101.64152670060302,109.84836686295941,289.2278377006949
9.333333333333334,0.0,0.0,0.0,10.613572810688147,15.400596302273183,21.552495956782387,29.340235629089875,42.64943571941958,55.45673018333169,76.43063264943879,103.97277247730949,112.3450481698486,291.3999109519982
9.416666666666666,0.0,0.0,0.0,11.0813615147955,16.020972341216783,22.35758269216328,30.3673617689025,44.038046187148446,57.18128735760574,78.2834484780533,106.39178404265937,114.93589599381365,295.3589383579553
9.5,0.0,0.0,0.0,11.567758777101819,16.664712731699105,23.191589780477273,31.429946723508422,45.47268645552665,58.96176533002062,80.26000942572126,108.97556535759038,117.70403024867474,301.1280660350273
9.583333333333334,0.0,0.0,0.0,12.074699706946062,17.334067193396507,24.057084025596804,32.530876402111765,46.9566753324054,60.801833836876426,82.3422082772824,111.69901728754442,120.62222771883224,307.7146165582058
9.666666666666666,0.0,0.0,0.0,12.612663850861157,18.043894244263086,24.974504400992938,33.69761249836227,48.52942391262148,62.75237524215713,84.54846681774075,114.58723283622334,123.71761097828706,314.283625856742
9.75,0.0,0.0,0.00010545034618664397,13.185554431290036,18.799198010590548,25.950170571612233,34.93804800161029,50.20139120338309,64.82624849770383,86.82892297251415,117.57241030831725,126.91692763811425,320.0592992708868
9.833333333333334,0.0,0.0,0.0036779629742158012,13.801390775107963,19.611122453176016,26.999173753063033,36.27220963356028,52.00095981231209,67.05983444205289,89.17521438023276,120.64320297959273,130.20792576230957,324.8031268298611
9.916666666666666,0.0,0.0,0.018969958929108875,14.458891411488858,20.477238781280985,28.117535787773473,37.694092867275685,53.91858325817533,69.44013966155873,91.60128119923311,123.81772258378878,133.60998799565834,328.80587809552395
10.0,0.0,0.0,0.059908809150323025,15.158936674655962,21.398569027602665,29.30644176474562,39.20507891243659,55.95597652539004,71.96920849352993,94.18461928212322,127.20048322870223,137.23584324812006,333.1044442486193
10.083333333333334,0.0,0.0,0.1419207065393163,15.899039844490249,22.370791646918665,30.55912366144105,40.79522836924583,58.0976948286769,74.62626072918776,96.96883904288727,130.84940143514953,141.14776131658698,338.63450023757633
10.166666666666666,0.0,0.0,0.27389485390324925,16.69213428849736,23.4116209042952,31.899286760224996,42.49568939050673,60.38741831377337,77.4669301502566,100.03023487802152,134.8669796685386,145.4562148688811,345.64890030554704
10.25,0.0,0.0,0.4600369273656477,17.556950815118757,24.54605486807405,33.359648721015574,44.34863801612578,62.88306261723656,80.56403512507434,103.37013017672258,139.2540479827967,150.16189040640117,353.83530275415137
10.333333333333334,0.0,0.0,0.6998386138840432,18.5128216614474,25.800393171304933,34.97520236672264,46.39982883616501,65.64844720885928,83.9985923335713,106.98618616967606,144.00712558134356,155.2609646252159,362.9752197274091
10.416666666666666,0.0,0.0,0.9965150066539669,19.5650179636667,27.180491143208442,36.75231863472545,48.656080106021506,68.69090327949449,87.77830245875185,110.81457535009737,149.03924597549553,160.659445832958,373.038408454293
10.5,0.0,0.0,1.3500931464162613,20.726194678743703,28.703025551031615,38.71262062032635,51.14507966643758,72.04823575377407,91.9505777307351,114.89508472559108,154.4034806937527,166.41445038288452,383.86357524058934
10.583333333333334,0.0,0.0,1.766578583438174,22.012088428976412,30.387729012635184,40.88055653663333,53.89687154266263,75.75958085325588,96.56306013502773,119.30156514324813,160.19738148017524,172.63074948766487,394.82998765198545
10.666666666666666,0.0,0.0,2.252967496180552,23.443015266859813,32.26125489421166,43.29054652018047,56.9553709250946,79.88465280404046,101.6904423883027,124.16572406841718,166.5969137965791,179.4977746361325,406.1858104215204
10.75,0.0,9.996528611502972e-05,2.816052132836459,25.02948051063333,34.335473417003236,45.95581080300835,60.33516657055492,84.43998389072708,107.35094961026168,129.50877263918466,173.6287100007013,187.0438246305321,418.0617130674911
10.833333333333334,0.0,0.0033766753321830337,3.457449374753442,26.793053624796237,36.638494095137176,48.912469903691736,64.08217795620438,89.48782031212646,113.62232991444061,135.38662539795968,181.36703996549983,195.34876205669187,430.3085430054406
10.916666666666666,0.0,0.018889773795856865,4.178335814576504,28.769377746716042,39.2152441367797,52.216516067120885,68.26564776221471,95.1191189107468,120.61597211753634,141.81592565873143,189.8318601645533,204.43357689998902,442.0649609873455
11.0,0.0,0.062482358002228434,4.984257514489446,31.012672128889836,42.13673879094432,55.95953567458597,73.00229659897764,101.49239873342,128.53000765144773,148.90823040917505,199.17103218792067,214.45719156373715,453.6392531460125
11.083333333333334,0.0,0.15487574026458029,5.888957368157369,33.61822780052442,45.5260774673839,60.29834823072895,78.48983059689715,108.87295990101978,137.69359087900594,156.84060815435322,209.61764556278757,225.66977612344274,466.63343482259654
11.166666666666666,0.0,0.312026099907396,6.899252496465733,36.66857447565756,49.49043234362157,65.37018931435313,84.90212323376235,117.49550805488037,148.39904689096971,165.82895872492773,221.45817348123697,238.37929951735111,482.35980505019984
11.25,0.0,0.5479747552485589,8.02694988033033,40.30543186743015,54.21045992186208,71.40263220422442,92.52341260310935,127.73776151125216,161.11237036083494,176.10399741179032,234.99538268151068,252.91051314965262,502.1135232174169
11.333333333333334,0.0,0.8715529986499411,9.297126262887287,44.66832066522747,59.86500143832608,78.62219496066793,101.63809061130907,139.97997913453605,176.30456363563533,187.96590994842097,250.62618237987468,269.689805406499,526.8703912059165
11.416666666666666,0.0,1.3088572243119507,10.811961431512435,50.12437134417513,66.92476484462428,87.6249634976832,112.99418033086641,155.22144236922236,195.2124512990692,201.99268853117633,269.1121655577981,289.5347513459284,557.5042811505258
11.5,0.0,1.8989039738893123,12.719489050710253,56.97251289554402,75.77023436257014,98.89005438491498,127.19035052696421,174.2587284278772,218.8199539888076,218.6633281576507,291.08493116060856,313.12348612509453,594.0239557240058
11.583333333333334,0.002637400771946693,3.1176288780446155,16.491661869972827,66.24589367131165,87.72007479095241,114.08149879389066,146.30912629298854,199.86669093495811,250.55683969711984,239.11244559801028,318.0377767667453,342.05870988743874,637.4910697637571
11.666666666666666,0.031485913857746094,5.6559759682170485,23.95625618721463,78.88720840878113,103.96730497316625,134.69472544580174,172.21236553404282,234.51391431777864,293.4663307837592,264.40534525897624,351.37378737858893,377.8465408086022,689.3813648887858
11.75,0.7879783193587246,10.781482370883083,38.16368861864033,100.3567591625684,131.43828217839396,169.429207242649,215.74924684904693,292.60954517006627,365.32873831438286,298.10518579448933,395.78657748750874,425.525363782071,754.9416207313003
11.833333333333334,3.7423675580888274,19.471103904431477,60.74756971645525,135.81090151618426,176.57967073619528,226.2890599926761,286.8120292737388,387.17696154874255,482.13824852589835,343.13529314529643,455.1198139268115,489.21970422263854,838.8379454512622
11.916666666666666,9.657622486557019,33.141307047893385,93.4261726305265,186.2124769211492,240.467719306105,306.4813190202187,386.76459671825324,519.8442919870306,645.780888081382,418.75754744037505,554.717730076567,596.1295355647525,964.2759002411846
12.0,18.50604175128926,52.85421051806557,137.1760028733861,246.43933849801968,316.4519245103357,401.50253285333497,504.85727229464084,676.149437102266,838.2884779555535,542.9863201116094,718.2213653502859,771.6140855524237,1152.3133546855745
12.083333333333334,27.41155638174758,77.49117419100358,188.64730972806572,298.2074566602356,381.27673314247113,482.07945763632995,604.5182401696192,807.4332297478466,999.5574441316274,718.5839056369357,949.1704471001876,1019.452442375609,1403.1624837651236
12.166666666666666,33.58197827685079,104.26107785018361,241.73859888056134,330.3533127515903,420.9614946345384,530.8321931335954,664.2485233244406,885.3698222889898,1094.7876245147727,925.9884866848224,1221.7244492261696,1311.8908492296518,1691.520623156086
12.25,36.24768829683355,126.10883385863816,282.00834496759506,338.23033348655696,429.8111467035987,540.8036730780564,675.5609987765458,898.929222039379,1110.5290818272488,1098.4120175774676,1447.9552315512913,1554.5522786625218,1931.8967893016898
12.333333333333334,35.5265959571618,138.8431176367719,302.28405883061225,325.10757065157355,412.1919623313254,517.6964119233031,645.780554280462,858.1160317903087,1059.3124222267907,1197.590339335296,1577.6442230025887,1693.5679254341383,2075.5885050620964
12.416666666666666,32.335993047760816,141.10346790214317,300.9601373640965,295.7874599764073,374.24746318275714,469.2776189312548,584.6430938274434,775.9242450247948,957.2139685263046,1210.899104381646,1594.3136292514146,1711.2811694963984,2101.280216510847
12.5,27.60238054418972,134.07021500307798,281.5132849751252,259.40540973261517,327.64638110525283,410.2845154051918,510.60799195487954,676.9760277677401,834.6882708391234,1153.0685517227314,1517.4956341379038,1628.685863626154,2026.5545864397875
12.583333333333334,23.339551893515484,120.19465459375542,249.247482663997,224.8813876115695,283.61491227820585,354.7304166349089,441.06819357835735,584.2658226508212,720.0398774659641,1041.6961108350968,1370.375981545277,1470.6720190895728,1874.4412695339695
12.666666666666666,19.59269043849439,102.79211091785585,211.1724160065139,193.44780294215394,243.6551195791613,304.4410955390344,378.24142887812457,500.66258138875673,616.7577489899952,909.7546206122914,1196.4012583573997,1283.8804410924736,1688.441083682421
12.75,16.591622595962747,86.17033335145186,175.70386850772294,166.9815725502493,210.0606834197731,262.21218155471655,325.5323451371311,430.583946415693,530.2242146617606,788.0196187741444,1036.0061536296396,1111.6942634659893,1509.1970180113915
12.833333333333334,14.041036309939612,71.12501113630705,144.1384840581117,144.23929757253018,181.2432305120592,226.03716995582005,280.42695800800783,370.67532532661255,456.28893792710323,679.1541765973546,892.6526482073086,957.8201662081161,1343.3605915029202
12.916666666666666,12.01470027945216,58.84350744189829,118.54566050643612,125.58995545332398,157.63964354185276,196.4342739456196,243.54218963201188,321.7185958902673,395.8918765152311,588.1826224133629,772.8943102256327,829.2796552696256,1201.2401502791604
13.0,10.334300632163416,48.80157171080545,97.75442821524412,109.80356805211984,137.68548492608932,171.4337945732001,212.41642814308108,280.43698110170635,344.9841921306531,510.48956641970335,670.6499164091682,719.5444400419998,1077.2103283180445
13.083333333333334,8.972934241539821,41.158189371564916,81.95667284389512,96.83250682176832,121.30624634513057,150.92833549709096,186.90242762807253,246.61787811307866,303.2922126650378,446.90028390566675,586.9850885764159,629.7539479339106,972.8550113418852
13.166666666666666,7.861794060307712,35.136412408714534,69.55153518687064,85.98701993045368,107.62686897575304,133.8183303573567,165.62807608942205,218.43739019322192,268.563995057116,393.14214291927226,516.2731414142072,553.8684493091648,882.3097331936876
13.25,6.962389611139535,30.429889824646718,59.88512859828138,77.03676207609047,96.34739732968367,119.71936443277367,148.10651677898252,195.23928998860526,239.98333811578797,349.0301737207535,458.2606657012031,491.61389004239766,806.4629752218162
13.333333333333334,6.216713130098683,26.64744760191078,52.1564574244971,69.50004186395817,86.85836282537142,107.86723099634209,133.38571440891764,175.76014008249797,215.99168080454123,312.2041779315907,409.8409485358079,439.655801951948,741.7940359304481
13.416666666666666,5.60042838736328,23.620652372069628,45.99705303354363,63.19425354431085,78.92530647261923,97.96462597429132,121.09212277352054,159.50019086627074,195.96988931615985,281.69618822039257,369.7351284150013,396.6205872373484,686.8580539546272
13.5,5.082716472444783,21.175366332447854,41.041473296219216,57.82817781047596,72.18068912101926,89.55160120923777,110.65361114125717,145.70126726160913,178.98340750549573,255.94087326079259,335.88359412544855,360.29781649594037,639.0766377313787
13.583333333333334,4.6585067073723305,19.2204986376909,37.08952628426693,53.327445088199376,66.52749366820541,82.50367100637862,101.91238856274796,134.15053362974177,164.76742376960047,234.4697602474715,307.6670235035829,330.0222106471882,598.3610413065552
13.666666666666666,4.301203887477344,17.658833540097106,33.93705787239821,49.45733775397094,61.66954423413254,76.45025738065722,94.40756475564218,124.2373361982701,152.56930363126065,216.30070389582514,283.79391607111984,304.4078576047044,563.308756491633
13.75,3.9978909468700143,16.4167660033641,31.428535038318373,46.12190967654793,57.484610799730405,71.23730583737886,87.94648069985715,115.70507964041768,142.07192023027108,201.0061153605542,263.70037709875015,282.84930306154695,533.6949669211011
13.833333333333334,3.7274125678962764,15.38984837408806,29.359472064960563,43.14736016871631,53.754685033219396,66.59331826301339,82.19270055095286,108.1095724382895,132.72884254671138,187.7024018980934,246.224910403884,264.1002284585645,508.08607796788516
13.916666666666666,3.4830654292662717,14.504623406675663,27.585909862883963,40.49819774038022,50.434647993435696,62.461525915789395,77.07532633790252,101.35651318274049,124.4236062059126,176.08332024840863,230.96398304511393,247.72743036807475,485.64736216767716
14.0,3.263610082467607,13.681442516455055,25.9522252550651,38.143720160840566,47.48722904474675,58.79671298995366,72.53946353665427,95.37484799032026,117.06972813994466,165.60885827057865,217.2082418085892,232.9698571676444,465.19059671800443
14.083333333333334,3.083694738826463,12.865347991865528,24.351193565890387,36.14242384439251,44.98490283319174,55.68823366530089,68.69495257419614,90.30844522411896,110.84341359709315,156.25874789426854,204.93040460125206,219.79810227214918,447.41419675798636
14.166666666666666,2.9327935619448007,12.061680655637558,22.79251668181442,34.401742284319916,42.81010455628061,52.988231810646425,65.35716517828237,85.91172985474694,105.44135331822453,148.01117847836193,194.10256745407878,208.18238228091167,432.48856165244837
14.25,2.8028578549542496,11.34532241544224,21.414427416640763,32.88953862288243,40.92155086487565,50.64435412032894,62.46033273318557,82.0967458364731,100.75461299961212,141.01339482904478,184.9175494242714,198.32944321220606,420.12083456132035
14.333333333333334,2.6864631437535977,10.734109564493744,20.243108084893137,31.532803915612433,39.227730869191106,48.54270413856286,59.863381722433466,78.67731955803127,96.55422369689464,134.88558735791082,176.87556208445412,189.70288865166253,409.2377444235817
14.416666666666666,2.5834001701152913,10.24387200576728,19.30429839528418,30.333115489125426,37.73019721243963,46.68481331727151,57.56783627788701,75.65500369004361,92.84180075630258,129.58662714339556,169.9217537263652,182.24369884351123,399.1223329592365
14.5,2.489656757667655,9.865831218386777,18.57961269296404,29.240767284331163,36.366906603251955,44.99370923777824,55.47859050810379,72.90457766534409,89.46352716283593,124.85879624609288,163.71774722677452,175.58886817879448,388.87525607817173
14.583333333333334,2.4036005460387404,9.584792299317792,18.03941761721838,28.235309002466952,35.11228854096886,43.437626641079916,53.55635690054875,70.37426610852859,86.35577311809736,120.61428163485475,158.1481379611625,169.61457020558234,378.9100405498764
14.666666666666666,2.322567832666054,9.342334805084207,17.57322884724198,27.28591174199469,33.927899067877384,41.96890597231445,51.74228070604328,67.9866185981156,83.42342689842988,116.70179416653357,153.01441524282615,164.10787221558664,369.78839252280164
14.75,2.248544776258823,9.091068045892985,17.091640631751602,26.415972042967482,32.84274872950299,40.62335680412317,50.0804396001795,65.79946395746441,80.73739219585691,113.13075400939981,148.32883682568132,159.08190144817544,362.19493316650465
14.833333333333334,2.1792760419542176,8.81564746337127,16.565676954384095,25.605095277697323,31.831405574457847,39.36945129191749,48.5319005158163,63.761568850662044,78.23475347445533,109.76041130223031,143.9067848768344,154.33864050352193,356.14319365538506
14.916666666666666,2.114836253851939,8.489048901388102,15.94470437652563,24.854051921479506,30.894777149887783,38.20826458180999,47.097945030617545,61.87456345097482,75.91747674082737,106.57417749224814,139.72645851762786,149.85469756496084,351.19074440612076
15.0,2.0545144439662737,8.073824096677185,15.158578354593953,24.147370864451034,30.01358599397807,37.115912482904314,45.74909195240185,60.099668198875094,73.73794996473892,103.5109843138236,135.70774497195757,145.5441429875009,346.2050989069135
15.083333333333334,2.00008493507048,7.515877706127167,14.10603218949394,23.503640647107936,29.210898905449508,36.12088500969828,44.52042553350439,58.48293281879316,71.75264749101112,100.65965335727581,131.96705519373393,141.53181760599085,340.22681277649207
15.166666666666666,1.9491841464408244,6.819799964649256,12.79574444193631,22.907666845893182,28.467789536632942,35.19973904178962,43.38301466878246,56.98630832608192,69.91485876094664,97.98585246752577,128.4593397619645,137.7693988716907,332.99749995404267
15.25,1.9002908794931896,6.074835477153608,11.39496232953524,22.36014554514115,27.785098130063165,34.35349023597601,42.33808963250725,55.6113845050278,68.22651750149241,95.520069799527,125.22454338493444,134.299721311823,325.3422659905767
15.333333333333334,1.8520469988032793,5.329111499761138,9.993768679631351,21.83994944470217,27.13655011929219,33.54963262226637,41.345570712969746,54.30549372893688,66.62299431014368,93.19393730209173,122.1730121473212,131.02662856289277,317.95866128160293
15.416666666666666,1.8068849536082339,4.63449023186626,8.689205605923753,21.3349206233657,26.50703058050796,32.76947117713018,40.38241122209301,53.03835600843969,65.06713520531754,91.04325407354979,119.35165662793668,128.0004265381657,311.49188379354956
15.5,1.764457296368936,4.024716813498503,7.544327109154267,20.826168555056757,25.87305259700842,31.983954253294808,39.41279570903866,51.76291346367871,63.501198546207014,89.02591086382917,116.70524870929444,125.16187978909556,306.12795006397783
15.583333333333334,1.7243629471628648,3.570264233086268,6.690965182870449,20.331208529930894,25.256360767192028,31.21994797601781,38.46981726230127,50.52261294335007,61.978473411526416,87.17551887186153,114.27783377246426,122.55822202025148,302.23827840915584
15.666666666666666,1.6855414513593574,3.2349640145815943,6.061214854328672,19.85216154515423,24.65957306286808,30.480672743327286,37.55742963965851,49.32262932357447,60.505296876001054,85.42940471528934,111.98724035632779,120.10132503485518,299.38468216086824
15.75,1.6491311748848985,2.974906119148388,5.57274123245337,19.404754950699193,24.102211345022443,29.79024559074482,36.705337096538045,48.201957284513355,59.12949534571674,83.74111159614851,109.7725639906525,117.72587038794649,297.2419338621545
15.833333333333334,1.6141490575445725,2.766605938045393,5.18146805983853,18.9912982102401,23.58712767886758,29.15217629422457,35.91785000566855,47.16624012644696,57.857980602600655,82.05977422559405,107.56711598740719,115.36033525257717,295.59308543855064
15.916666666666666,1.5810137532498318,2.629635203090821,4.923949650261825,18.624288237795135,23.12983330494897,28.585626502325944,35.218568558767934,46.24645854388685,56.728749519528876,80.45620256819691,105.46370689372752,113.10425226413012,294.4374424313559
16.0,1.5493536541993158,2.542356757697828,4.75962046225358,18.283402110756736,22.705077506329463,28.059378870469423,34.56902210240973,45.39208388193717,55.67981305766073,78.91137413620483,103.43739140205317,110.93086681015896,293.6203134066883
16.083333333333332,1.5194826901900507,2.4464957737520945,4.579397834309941,17.954554007412046,22.295363155089504,27.55180561376673,33.94256115538829,44.56811801744176,54.66823783192075,77.41133317718167,101.46987121532156,108.82055395161588,292.3940597887997
16.166666666666668,1.4905067708353714,2.322223833031189,4.346167735061401,17.626066650243683,21.886181682104542,27.044969987637646,33.31708150778491,43.745528663673234,53.65840683094433,75.94705909953356,99.54931474620471,106.76062346511738,290.11738600870297
16.25,1.4635101559265855,2.205433230682833,4.127045899174592,17.311408124368544,21.494249395578063,26.559522021908748,32.71801626926931,42.95770240874247,52.69126755700547,74.60483864096565,97.78881693940895,104.87236134557315,286.06513821442553
16.333333333333332,1.438395797333243,2.1214760978971303,3.969408705174521,17.0090023075819,21.117600991670862,26.093025487859315,32.142357164402384,42.20068081360621,51.76195915360554,73.35535356942442,96.14993923843645,103.11454272319199,280.1699815031599
16.416666666666668,1.4151724999290833,2.0804276167723352,3.892066111851109,16.720280232178037,20.758008748417204,25.647666079819377,31.592792798735292,41.477989188228094,50.87480269908693,72.16619098568009,94.59019293611797,101.44160046005804,273.3928091139912
16.5,1.3927493632858619,2.082427755225583,3.8952771801228123,16.443468725862793,20.41326539202607,25.22071108542877,31.065951966709914,40.78519536846892,50.02435804089975,71.00082329273424,93.06169619554146,99.80218367472773,266.64297862756234
16.583333333333332,1.370695178609475,2.0945554294814253,3.917485872291328,16.18625185170474,20.092907194436236,24.823939918669033,30.57634162269492,40.14134188347297,49.23397951505962,69.88378368842655,91.59660253481977,98.2307742707882,260.7887365443387
16.666666666666668,1.3483000560960676,2.0778069816115465,3.885749508298215,15.935747968220433,19.780938920620336,24.437586917382855,30.09961196911714,39.51445703664438,48.464450353201194,68.78226350194528,90.15190412542039,96.68124831294337,256.08794184563703
16.75,1.3265307779362405,2.0297966700226833,3.795597090440047,15.682840157242975,19.46604299518445,24.04766945090887,29.61853996295497,38.881929687609386,47.688037421229545,67.71693535304283,88.75469186868861,95.18265789143986,252.79452972646118
16.833333333333332,1.3053733354324843,1.9625258424917273,3.669465154820456,15.42330000255264,19.14296799887612,23.647697320754602,29.125129334934858,38.23325957672861,46.891860354756005,66.69822744292152,87.41862884831198,93.7496546319225,250.38083376943933
16.916666666666668,1.2843134392400766,1.8788512396711006,3.51269510270767,15.17456011668938,18.833346495727245,23.264389662382406,28.65228440199909,37.61163653718835,46.12888726928786,65.75807296283195,86.1855659260099,92.42711977276355,248.5457831393797
17.0,1.2627140641796697,1.7930249228701032,3.351937677505127,14.940044120856138,18.541421488022245,22.90298209139686,28.20644813484287,37.02551193902573,45.409479406527744,64.86553352092128,85.01495006199377,91.17156265946464,247.08098105005138
17.083333333333332,1.2416963415401023,1.7253823211391945,3.225206544964018,14.721940865428511,18.269907159212313,22.566825107634422,27.79174490569898,36.480297282999864,44.74027210912045,63.991244444051894,83.86829503574093,89.94170999661381,245.96417693103746
17.166666666666668,1.221249278586626,1.6730623414547408,3.1271430376263303,14.513622567453687,18.010576203982534,22.24575433010842,27.395655046686144,35.95955654014285,44.10110637766854,63.08816652568721,82.68394910138076,88.67144522281696,245.12656762007128
17.25,1.2019055349920618,1.6297894663189514,3.046007179663139,14.3133821550909,17.761310025577075,21.93715275451296,27.014955500097624,35.45905884503971,43.48679325842744,62.18174502676179,81.49525872955093,87.39652909302811,244.47338909913805
17.333333333333332,1.1836938988404684,1.5945804658574272,2.979957246063185,14.111517480387349,17.510066376859996,21.626144136995546,26.631324086633647,34.95475197190467,42.867833301206005,61.29404813204783,80.33114191213372,86.1479727001923,243.96673761887928
17.416666666666668,1.1670491366097817,1.5695461773945119,2.9329355252848566,13.90903186996449,17.25808913402222,21.314263729496954,26.246650435199403,34.4491149874525,42.24726605151569,60.46942930367438,79.24972551397802,84.98811146965366,243.6305848768064
17.5,1.1512992358034515,1.5512385060324003,2.898493631151774,13.703468035126619,17.002327928028954,20.997742917359854,25.856292615271634,33.93605381593544,41.61761699849204,59.689476929380035,78.22687854312547,83.89106686705118,243.41208064278635
17.583333333333332,1.1365435716314383,1.5374626705343177,2.8725271934946175,13.500090606121411,16.749313376124558,20.68464567559144,25.47017929669596,33.42859827175319,40.99486439502673,58.92153427015505,77.21980294008252,82.81094208422911,243.2093646306004
17.666666666666668,1.1222977373594087,1.5273277393129878,2.853370369789945,13.302798178207645,16.50387876301336,20.38093752586329,25.09565308997527,32.93638152510616,40.390819448882276,58.1372481585798,76.19133809624172,81.70788541614267,243.02438135686808
17.75,1.1083979260964174,1.5201126669144072,2.839674589125261,13.126063296528963,16.283976061909797,20.108784778587925,24.760005376147383,32.49521849734287,39.8494009889287,57.3958784873163,75.2191436516106,80.66517875565762,242.92905645180858
17.833333333333332,1.094568271929862,1.5146938832473846,2.82933844189248,12.966266334658547,16.08511198034107,19.862636111178976,24.456398385873335,32.09613233755156,39.35959872307118,56.69816229296294,74.30418269625126,79.68385434843148,242.89181194559703
17.916666666666668,1.081843351363422,1.5104792714653434,2.821254385158514,12.817754325686188,15.900272533746753,19.633829141705956,24.17416523931568,31.72512270329865,38.90424314477472,56.03100945959235,73.42929905916547,78.74551364285043,242.82157076168411
18.0,1.0706041611539951,1.5074780598745763,2.815439809484679,12.675924710817293,15.723745437820684,19.415307626108532,23.90461551001888,31.370781735470647,38.469343052403566,55.39852044001738,72.59986422462518,77.85591656431214,242.73502550934134
18.083333333333332,1.0604809521886076,1.5055993618078307,2.8117248152903382,12.550669040970512,15.567797848529354,19.222216222764615,23.6663933696056,31.057573978081788,38.08489705139298,54.842103672202086,71.87014288495376,77.07325620290048,242.7546390286032
18.166666666666668,1.0501272513080464,1.5043630167439015,2.80921131667082,12.437743620901147,15.427163073629854,19.048049304422687,23.451486699460087,30.774982188949764,37.73800637058655,54.31668715780932,71.18106703829497,76.33418796114324,242.90298121630383
18.25,1.0382059854109809,1.5034172747213395,2.8072414421163283,12.322000690394745,15.28305413404132,18.8696118551337,23.23133966155559,30.485534579396504,37.38272197293406,53.74715639684202,70.43420180362264,75.53315108448017,243.0716717059417
18.333333333333332,1.0244053515790676,1.5026205158454728,2.805550376027731,12.193174627234779,15.122740086961663,18.67118673544855,22.986603391986815,30.163841992957643,36.98791152275656,53.10920979739332,69.59770118167201,74.63599426130989,243.1867395731257
18.416666666666668,1.0108780935688138,1.5019026362301864,2.8040070441875455,12.054275957509757,14.949955430694038,18.457385314700893,22.722955609098648,29.817355572997442,36.562712259019044,52.47460018038907,68.76559291484514,73.74355170458945,243.2186537897765
18.5,0.9986659598696085,1.5014244950259752,2.8029122482941813,11.907161740754745,14.767001465104647,18.23104707881179,22.443890440614393,29.45065846021415,36.1127429344461,51.87781769005692,67.98307156471832,72.904288968006,243.16682579386259
18.583333333333332,0.9874171566840853,1.5013243973804233,2.802524522690136,11.761539821548435,14.585916192577399,18.007032558525665,22.167701168050815,29.087753436931102,35.66743510390276,51.34455700462831,67.2838068772854,72.15431275842067,243.07945655769538
18.666666666666668,0.9766694990019825,1.501408551562628,2.802481474592854,11.62184878857128,14.412203811655093,17.79213671410361,21.902752554455628,28.73961620077246,35.24024700134218,50.86994073087063,66.66140671273784,71.48676809796483,243.0037111840586
18.75,0.9668128864424911,1.5015114131615386,2.8024735866250112,11.48390900914151,14.240683151067707,17.57996510474461,21.641174458253477,28.395921942349332,34.81851967653205,50.42417388649723,66.0768281411433,70.85978614478528,242.9188486244714
18.833333333333332,0.9567857049453021,1.501645793260996,2.8025247953347803,11.338817077643991,14.060313490275647,17.356888073273055,21.366188573098498,28.034655406770167,34.37525844049185,49.94995848759929,65.4549862227166,70.19284684142535,242.8258931198041
18.916666666666668,0.9457184061400192,1.4856272377690956,2.7724453232417074,11.197096884140361,13.884142603603241,17.139010704321866,21.097618428612076,27.681825073929637,33.94235282619991,49.4483875162536,64.79731257258557,69.48748529770006,242.2270336612252
19.0,0.9337890801557827,1.4345935411304944,2.6770524464303365,11.064468043724146,13.719259460096348,16.935080863754767,20.846229684216915,27.35155312576739,33.53711684271096,48.92823240109666,64.11530044190246,68.75602649766047,240.4910903462034
19.083333333333332,0.922442198861625,1.340595943753069,2.501523502214905,10.951852146655842,13.579203148844924,16.761808450661555,20.632588853914058,27.070821069437482,33.19263196126735,48.408075589366675,63.43329987686217,68.02458290641314,236.75342193721673
19.166666666666668,0.9121980966599315,1.2201013173540651,2.2765808347099497,10.861709884830612,13.467022668874675,16.62295520952486,20.461324684564993,26.84569997875356,32.916340890454364,47.89982707102737,62.76691702259866,67.30989012553952,231.01509061884119
19.25,0.9031699479147398,1.1276359392211823,2.103939020239441,10.784642630527152,13.371066357472278,16.5041401961807,20.314736674220672,26.652967746840595,32.679771124707,47.42513530410651,62.14451938184604,66.6423688177036,224.42794374992977
19.333333333333332,0.8946546069929816,1.0944538586954087,2.04189411439497,10.702556982057354,13.26890203848464,16.377675413885207,20.158744405715634,26.447911271207488,32.42809926458285,46.9684809636843,61.545769839730745,66.000209711548,217.87995106693677
19.416666666666668,0.8857676585143186,1.1140991798306792,2.0783955446552236,10.607322206694406,13.15044977681476,16.231119708299847,19.9780348391607,26.21044055824091,32.13669300397911,46.5302289948778,60.971146019392116,65.38392487905,212.05141311027222
19.5,0.875885771121041,1.1668989259534626,2.1767392089327333,10.49873008982238,13.015450677622855,16.06415283107529,19.77221315565964,25.940036846045928,31.80491579945659,46.09951319881709,60.40640867333282,64.77824437408573,207.21401765675708
19.583333333333332,0.8662723056266406,1.2252571107083776,2.2854562923828206,10.386139441433693,12.875506232319465,15.89109305062181,19.558902024766592,25.659819295031753,31.46111340642378,45.685546726286084,59.86362975538898,64.19611374467021,203.84362468031568
19.666666666666668,0.8577486922902303,1.2510988531316038,2.333536033356331,10.276168437126298,12.738820688382154,15.722065968033943,19.350563969052416,25.386137609609708,31.1253318241139,45.28780886777001,59.342125780654314,63.63679980087237,201.49051626234777
19.75,0.8506663601279402,1.2184404758689775,2.2725184051797886,10.173329690748663,12.610987886085791,15.56397522470864,19.155695743434904,25.1301385231584,30.811237655546794,44.92859393684605,58.87110871103721,63.13162840837669,199.79192621727324
19.833333333333332,0.8449159974749586,1.1484245850957162,2.1418374409879504,10.078740121398553,12.493390851296938,15.418526292789878,18.976395119016388,24.89457254472832,30.522202245786385,44.60528630063437,58.44715017942503,62.67692287774295,198.48796806585793
19.916666666666668,0.8400888838946993,1.0975133788762903,2.046780647601641,9.998268448101093,12.393303530448778,15.29469546904941,18.82370903143393,24.69393101951322,30.275992325701438,44.306511786513774,58.0553462931116,62.25670071332266,197.48972316100077
20.0,0.8348925994430901,1.0940110766274929,2.040122830350455,9.923215534790941,12.299942635371679,15.179174698174897,18.681258527875443,24.506726849153466,30.046263433127603,44.01006244068798,57.66659740120815,61.83975631571125,196.6865136874085
20.083333333333332,0.828232673641421,1.129499449953282,2.1061617097780143,9.840605073752394,12.197224673263866,15.052116310680463,18.524617415165764,24.300917688470204,29.79373081705399,43.68754115882522,57.243695811085395,61.38618962038541,196.04801284273628
20.166666666666668,0.8199837431945797,1.1869092077049903,2.213067896133185,9.748897769167472,12.083241384127456,14.911165087284356,18.350886844892468,24.072700435104235,29.51373153194921,43.306869615615646,56.74461029864062,60.850927964828905,195.5698539508872
20.25,0.8112076369493599,1.2390969452587788,2.3102428054902795,9.664089622802406,11.977817618962304,14.780784385325669,18.190172278826555,23.8615660922397,29.25468168281681,42.86221048946894,56.1616929871561,60.225770179351116,195.19200918165654
20.333333333333332,0.8027849583913561,1.2493137586025602,2.3291810271396147,9.589325573549907,11.88484992031481,14.665781352748406,18.0483885750035,23.675272322617488,29.026091446493666,42.374373460679465,55.52221018307521,59.53995560532491,194.8884370998371
20.416666666666668,0.7950435397332106,1.195929547939651,2.229561983412384,9.517331480614194,11.795323047528045,14.555031465317057,17.911845549374522,23.495861002482886,28.80594413128619,41.910685686070494,54.91437801280412,58.88808370241436,194.69430296905966
20.5,0.7874405200968911,1.1080274803532135,2.065604864313447,9.444985756933681,11.705368474151348,14.44376129054236,17.77466905567721,23.31562693377309,28.584793290619146,41.500205200284704,54.376269282195466,58.310982069570635,194.5764564944705
20.583333333333332,0.7798369439927868,1.0472626941254628,1.9522300797097243,9.374845950181266,11.618156329633461,14.335883052522531,17.641673943608296,23.140886415860106,28.370382975444453,41.162962764761915,53.93412857705237,57.836794165579576,194.4577315165549
20.666666666666668,0.772395601005635,1.0418817863579517,1.9420817450245094,9.30012767057854,11.52527852506753,14.221021595627874,17.50009237262491,22.954891387430035,28.142180143651128,40.89273918635025,53.579805771524015,57.456779843685915,194.34065167495183
20.75,0.7665052167590495,1.063287467075453,1.9818631840711172,9.215295281181476,11.419875334980395,14.090713053779716,17.3395091901683,22.74398064390273,27.883436692667082,40.68598072807917,53.308644181285146,57.16594538741064,194.2851179790195
20.833333333333332,0.7622049678692031,1.074820414832896,2.003257886948199,9.122455813230383,11.304558172552959,13.948179875872789,17.163890081993436,22.51335622658922,27.60053036177063,40.495228723058,53.05846094678875,56.89760844930613,194.2710104951487
20.916666666666668,0.7578753730380567,1.0585948504569431,1.9729359121563335,9.032649242074587,11.193007239275577,13.81030093314947,16.994004830546587,22.29026067753188,27.326859137142964,40.268050952301174,52.760557785631406,56.57810005097507,194.22907515009067
21.0,0.7526652664307005,1.0128021566767385,1.8875202147580592,8.950433923537119,11.090869774853353,13.684042735377442,16.838424817066013,22.085935335606845,27.076203547723033,39.99586140466979,52.40368498476979,56.19535648870204,194.17544618223138
21.083333333333332,0.7469985227493169,0.9771320962902869,1.8209581118667677,8.8789493200159,11.002035500284277,13.574203982942384,16.703054477749877,21.908124162862244,26.858056955299233,39.71018281968347,52.0291444041421,55.793667999094275,194.20919263630552
21.166666666666668,0.7404128021699483,0.987716877074361,1.8405759588864516,8.814305194244094,10.921683919516695,13.474837150738438,16.5805753432921,21.747228029836823,26.66065136558862,39.41878028659324,51.6471100308935,55.383944698870856,194.34115518379457
21.25,0.7324085555750592,1.0228514821835002,1.9059380116179119,8.753307001698415,10.845856655180098,13.381058456972557,16.464977943550718,21.59536479755609,26.474323760243667,39.09947083255727,51.22851820998329,54.93502025168807,194.47976208627722
21.333333333333332,0.7240232456610444,1.046453177659057,1.9498217601028547,8.693724117459091,10.771788681183459,13.289455495369618,16.352062457202468,21.447024853293534,26.292319037322716,38.74719903585709,50.76674579065936,54.439792410521065,194.5715527652075
21.416666666666668,0.7173167229578941,1.0394388796574576,1.9366763791989552,8.643252193022217,10.70901387541541,13.211789309792906,16.25629924870477,21.32118595733939,26.137901601121325,38.404507201819136,50.31753144144989,53.95803252649525,194.59678015465255
21.5,0.712180371262547,1.0000866876122014,1.8632894141067542,8.602256032006943,10.657983509460518,13.148615973671745,16.17837193029737,21.218743988876113,26.012169267394363,38.08429010787028,49.89776877039654,53.50785624395528,194.55501017928844
21.583333333333332,0.7071576650459854,0.9499548789905423,1.769817491712784,8.556461764435392,10.60101425688223,13.07812130816903,16.09144118206306,21.104499474811504,25.871971843605408,37.80865230313718,49.53641797496475,53.12031881284696,194.48480761242604
21.666666666666668,0.7014489131047128,0.9082014384256737,1.6919578707721399,8.494852413816941,10.524458260850356,12.983469878403323,15.974793864801235,20.951287991769707,25.684009507886785,37.58530091023323,49.24357617839151,52.80624773904292,194.42390887916997
21.75,0.6957532976758108,0.8654192717093621,1.6121926399048172,8.420400701199682,10.431998742272933,12.869205710031716,15.834021131358389,20.766442704849283,25.457272080511252,37.401893341877816,49.00307262274662,52.54830239918203,194.3557195711555
21.833333333333332,0.690181329650381,0.821795841558517,1.530868365734432,8.339742588027793,10.331855737850569,12.745468141859636,15.681597204645328,20.566322429065824,25.21181281968514,37.21910915656921,48.76339050491162,52.29123888007964,194.2839512784046
21.916666666666668,0.6849947537975634,0.8051960010029452,1.4998839053863122,8.267151882392563,10.241711199995919,12.634068464112403,15.54435676785176,20.38611925787434,24.990772056468476,37.00968434277388,48.488809667212834,51.99675287646199,194.26244720874146
22.0,0.6806750035815422,0.8072333293271777,1.503617480513118,8.208841070510433,10.16926130215636,12.54450047807739,15.433980434449436,20.241151956642945,24.812928553668396,36.761391669623414,48.16331054378847,51.647665906465946,194.27279440949349
22.083333333333332,0.6776137996952946,0.7771453322534747,1.4475247881058204,8.157099898057613,10.104955477743786,12.464983837236996,15.335975251631735,20.11241452817754,24.6549841600802,36.493727627724475,47.81243632649671,51.27136900624039,194.24850944412944
22.166666666666668,0.6753964625062203,0.7003452287068138,1.3044456794293608,8.102918412396322,10.037632088839036,12.381749924072173,15.23340120478995,19.977690758601106,24.489704818989022,36.23430066305033,47.47235783839479,50.906649628032326,194.20282382264526
22.25,0.6732654754244243,0.60286061979973,1.1228565164831878,8.052583480560598,9.975078220754058,12.304403554887916,15.13807446950683,19.85247597280594,24.336084963571828,35.998513881278924,47.16325560393441,50.575148245945066,194.20174413017875
22.333333333333332,0.6702955852060213,0.4950227218440608,0.9219954026537218,8.005872940751921,9.917017792576795,12.232603371731205,15.049574341869137,19.736217571310533,24.193446641909617,35.769200311616345,46.86263872531469,50.252746985408585,194.22871348123485
22.416666666666668,0.6652919127296093,0.3808077265455291,0.7092632647566951,7.9555055662730085,9.854431755921723,12.155224721559872,14.954214619450223,19.610967613654122,24.03978875698771,35.537025051593936,46.55827711313522,49.926331001976784,194.215860925068
22.5,0.6581672726683858,0.2774363616111343,0.5167321096202846,7.900222016225858,9.785760907496183,12.070345033855817,14.849630628192138,19.473625791070706,23.871311299781137,35.308070744866406,46.258138941491495,49.6044447084539,194.17921943600476
22.583333333333332,0.6510888352969546,0.20369412495485043,0.379385250509823,7.846849161811608,9.719461354653316,11.98839446172917,14.748654033690526,19.34101926581815,23.708641392138745,35.13270206078329,46.02820723815398,49.35784408952753,194.21777917854376
22.666666666666668,0.6458140068239633,0.15123754232169428,0.2816830358656979,7.797793835932266,9.658513042347485,11.913047432321676,14.655804226237123,19.219073393963388,23.55904167457608,35.01671739650592,45.8760780361683,49.19467454878014,194.34969345146584
22.75,0.6431337991854584,0.11232230376603482,0.2092020121168721,7.758417898177899,9.609556291206895,11.852493369019095,14.581155265900717,19.120997932963768,23.438704255880264,34.88670456055862,45.705574059821174,49.0118018068271,194.48825274864313
22.833333333333332,0.64245600624291,0.0829105568390122,0.1544219807793717,7.727897712376363,9.57157098372055,11.805474084197641,14.523159335855683,19.044763186922797,23.34514113592216,34.68688682875613,45.44362274544452,48.730867680931574,194.5799942559885
22.916666666666668,0.6413313036118248,0.06168386423158778,0.11488691877131353,7.695001256757256,9.530646481117452,11.75483330434866,14.46071156241868,18.962694582482385,23.244429370308847,34.42792019707522,45.104184853659,48.366842856287974,194.60517010322434
23.0,0.6374437821469027,0.04565308267129559,0.08502928304110059,7.652758360637738,9.478150074558561,11.689923868779228,14.380714048501812,18.857616713031845,23.115515505174088,34.13414869642559,44.71915276554411,47.95392650973937,194.56334615871228
23.083333333333332,0.6307121664358578,0.03332332318680507,0.062064727704650845,7.603342814614431,9.416774478528204,11.614067230518888,14.287253123310348,18.73488844461666,22.9649686515799,33.85669081349787,44.35549584761732,47.56393206099139,194.49308880545703
23.166666666666668,0.6224664613969767,0.024257861922199257,0.04517998418304882,7.544289363611045,9.343467018666066,11.52349891803556,14.175698313626086,18.58843838148573,22.78534691880633,33.62793507563852,44.055646238957586,47.24236097577772,194.4321361187017
23.25,0.6151582902711904,0.017678185976648365,0.032925176718384845,7.473620743986383,9.255778990364457,11.415198983111337,14.042334695364291,18.413395282359602,22.570679294931892,33.42727704733099,43.79261106030921,46.96026803810885,194.36389303017575
23.333333333333332,0.6105496592522592,0.012864011620100575,0.023958754363356646,7.401130342965157,9.165838590594484,11.304124715277647,13.905561451526564,18.23388506182932,22.350538398474438,33.220295263445784,43.52129509534299,46.669296126084966,194.29207126268795
23.416666666666668,0.6084394941179724,0.009392585347915976,0.0174932933826117,7.345324156711043,9.0965634909301,11.21853943768502,13.8001454831317,18.095495516773532,22.180803825955266,33.02930321516621,43.2709301987324,46.400791376107854,194.27051623420087
23.5,0.6069632925087711,0.0068021052210933105,0.01266859138792498,7.304977591629798,9.046436662099651,11.156571805459528,13.723784418524726,17.995207181999895,22.057774130920933,32.85265582824012,43.039360575692285,46.1524419351422,194.28081421738335
23.583333333333332,0.6049438619552098,0.004755757008033203,0.008857276164638196,7.265198842614098,8.997016822181344,11.095479577232362,13.648503375679788,17.89633883287173,21.936487389644906,32.66229022073084,42.7898220372055,45.88482446710032,194.25647904073165
23.666666666666668,0.6021313438392487,0.003244856787441494,0.006043247475264776,7.219117685109259,8.939796281670958,11.02477091624281,13.561396556437325,17.781968187331387,21.796201191671283,32.453716576948466,42.51643311699406,45.59163219806212,194.2107427485871
23.75,0.5994440534831593,0.0022666227518620065,0.004221348061460352,7.174894705254723,8.88488027625958,10.956907447999182,13.47779245350384,17.672193838395646,21.661551068027297,32.24840400602532,42.24731979780908,45.303025470506846,194.20961459660165
23.833333333333332,0.597396703038615,0.0014997211079598827,0.002793064017640516,7.132695863193385,8.83247357889725,10.892141021128763,13.398000244670701,17.567420447646978,21.533032569264456,32.050168215020214,41.98748020512282,45.024363782032,194.23653701901696
23.916666666666668,0.5946955415006862,0.0007416755871613546,0.0013812741150782382,7.090565429084426,8.780153912338845,10.827484059542309,13.31834462882677,17.462828492455497,21.40473793008855,31.880528418582138,41.76510494612058,44.785876567717764,194.78940875469007
24.0,0.5906951357927372,0.00019328214602972485,0.0003599566087107277,7.053467596133921,8.734068250051019,10.770516757812903,13.24814952141909,17.370643239739028,21.291651968330864,31.74673315207154,41.589689759764546,44.59774632854986,196.49967248557863
24.083333333333332,0.5798154685799963,1.2083608400327667e-05,2.2503104526276457e-05,6.947719908281427,8.602989700324182,10.60875223154225,13.04906131593854,17.10947034348618,20.971442051074153,31.26565800813839,40.959335039985305,43.92177482586096,197.3882707842616
24.166666666666668,0.555244913996107,0.0,0.0,6.682052882045603,8.273916168749434,10.20285328135308,12.549701317530435,16.45461597281125,20.16870360168629,30.026790099109125,39.33626299964645,42.18129108385997,194.4177772447633
24.25,0.5078072908289631,0.0,0.0,6.1386597710966795,7.6009912424936825,9.372973402288398,11.528867685311688,15.116065233168019,18.527969936069205,27.545684511562072,36.085845834242285,38.695770123346534,182.51050806224293
24.333333333333332,0.4378790480019301,0.0,0.0,5.313573121149014,6.579308088205593,8.113067105395256,9.979129139039916,13.084080272074859,16.0373087758935,23.816212796743866,31.200059858742847,33.45660891626032,160.66246002402838
24.416666666666668,0.35876263072815184,0.0,0.0,4.36223231353367,5.401324815093276,6.6604505880278975,8.192379500807728,10.741367992932604,13.16580335369729,19.5245702093965,25.577836891527564,27.427753116196076,133.5493201016417
24.5,0.2805258500006433,0.0,0.0,3.413520972682898,4.226616969551017,5.211891018522089,6.41063616466305,8.405239092354357,10.302379386888074,15.256035418807791,19.985903797514126,21.431381528618267,105.45088442876518
24.583333333333332,0.211566441672774,0.0,0.0,2.574792813798091,3.188101027158294,3.9312812501914545,4.835480419215683,6.339986130443724,7.770977299189065,11.501900829222063,15.067861559332583,16.157641850040058,79.75787789063645
24.666666666666668,0.1546822644051319,0.0,0.0,1.882277984369536,2.3306319369198003,2.8739277110388066,3.534934998916638,4.634791294322399,5.680905323005678,8.410770163769218,11.018381215166896,11.815283725419489,58.20016646947278
24.75,0.11426578126468644,0.0,0.0,1.3904546163099354,1.721657091330453,2.122993834809313,2.611285001590584,3.4237573530699845,4.196529912940477,6.2141188325864025,8.140696513311092,8.729470907525702,42.96600391952285
24.833333333333332,0.08478722831100372,0.0,0.0,1.031910753459376,1.2777083275501062,1.5755551751098191,1.9379341734474056,2.5409001572727314,3.11440352024597,4.611725186779709,6.04150840010859,6.478459264785667,31.917857535326526
24.916666666666668,0.06300451898473809,0.0,0.0,0.7669320334959473,0.9496117957100804,1.1709752639275264,1.440299886744919,1.8884318827190296,2.314666962442032,3.4278496556175644,4.490592649485206,4.815373704933094,23.74426755575149
25.0,0.04647807795636333,0.0,0.0,0.5656395252519174,0.700371869436846,0.8636347492644749,1.0622706008990876,1.3927828854504762,1.7071455085582818,2.5283986364729616,3.312282649423172,3.5518426293636107,17.516643564338374
25.083333333333332,0.03436429014465528,0.0,0.0,0.41804702106051816,0.5176231056618258,0.6382851684341705,0.785090234471245,1.0293607951636325,1.261695731838467,1.8682775799647886,2.4475025940096256,2.624517486213745,12.95940781313002
25.166666666666668,0.0253476847708441,0.0,0.0,0.3082823459747593,0.38171275464243987,0.4706926273159705,0.5789511788521653,0.7590838288179738,0.930414825066329,1.377452781396319,1.804506198462592,1.9350164840694042,9.563702939467055
25.25,0.018608127682216362,0.0,0.0,0.2264237453041315,0.28035572424798616,0.3457082444846072,0.42522028918507004,0.5575213425850618,0.6833579285761147,1.011566649537943,1.325183589043097,1.4210269640414774,7.02821802305467
25.333333333333332,0.01365559988876598,0.0,0.0,0.16631049353028682,0.20592370734898624,0.2539253683961445,0.312327278485784,0.40950297058345275,0.5019305192762447,0.7429008875368569,0.9732227990716225,1.043610682410787,5.171309476194759
25.416666666666668,0.00998318179518075,0.0,0.0,0.12162674417497651,0.15059647460111406,0.18570082186294312,0.22841105556349245,0.2994772087544066,0.3670710012756915,0.5433464660549457,0.7118001215838131,0.7632806703769358,3.7934430036826763
25.5,0.007238172978250718,0.0,0.0,0.08817644855655542,0.10917851900824382,0.13462799598718,0.1655915076461981,0.21711216332231523,0.26611549817171265,0.3939633947830236,0.5161035739078901,0.5534304265353774,2.7605990934056113
25.583333333333332,0.005199284587388448,0.0,0.0,0.06333273343452457,0.0784172386531886,0.09669605899076465,0.11893529460678948,0.15593952559279345,0.19113573723624955,0.2828399305581215,0.37052836969375946,0.3973265475922618,1.9901963861962373
25.666666666666668,0.003683066407132427,0.0,0.0,0.044913615320620166,0.05561088791716941,0.06857344135347672,0.08434456560612749,0.11058642446130992,0.1355461302847113,0.2004401693295677,0.2625821556835194,0.2815731709351429,1.4192896567234718
25.75,0.002558546700970609,0.0,0.0,0.031343649057067775,0.03880873813357092,0.047854663236613006,0.05886056360919948,0.07717350185696374,0.09459170314684064,0.13987942815269838,0.18324576253945804,0.1964988149798636,1.0007165812123204
25.833333333333332,0.0017097176557272146,0.0,0.0,0.021083277478210236,0.026104537204031858,0.03218912611829123,0.03959206890526313,0.051909990239155365,0.06362609269955355,0.09405018118365957,0.12320811927996128,0.13211899079448988,0.6841353689527887
25.916666666666668,0.0010714427829909671,0.0,0.0,0.013255192717217038,0.016412007057038658,0.020237330793294577,0.02489149759393925,0.03263568035226696,0.04000151250625822,0.05889637938039954,0.07715567133589035,0.08273584209806668,0.4402079809128163
26.0,0.0005938831210658573,0.0,0.0,0.007346544696251765,0.009096127289716064,0.01121621685397596,0.013795675442622982,0.0180877062602081,0.022170049817661873,0.032404002466471626,0.04244997791249774,0.045520101493530925,0.251168269913587
26.083333333333332,0.00025525710210481717,0.0,0.0,0.0031573789103902356,0.003909290733128239,0.004820435213467655,0.0059290027967061525,0.007773580857749315,0.009528043919255096,0.013856560649318379,0.018152391224700585,0.01946522900521469,0.11005063979899793
26.166666666666668,5.677661912404448e-05,0.0,0.0,0.0007022531587376581,0.0008694875773619516,0.0010721374930243326,0.0013186970153149344,0.0017289550391552122,0.0021191706352257137,0.003081437204345991,0.004036745955775195,0.004328695501989361,0.024490513169546833
26.25,0.0,0.0,0.0,0.0,0.0,0.0,0.0,0.0,0.0,0.0,0.0,0.0,0.0
26.333333333333332,0.0,0.0,0.0,0.0,0.0,0.0,0.0,0.0,0.0,0.0,0.0,0.0,0.0
26.416666666666668,0.0,0.0,0.0,0.0,0.0,0.0,0.0,0.0,0.0,0.0,0.0,0.0,0.0
26.5,0.0,0.0,0.0,0.0,0.0,0.0,0.0,0.0,0.0,0.0,0.0,0.0,0.0
26.583333333333332,0.0,0.0,0.0,0.0,0.0,0.0,0.0,0.0,0.0,0.0,0.0,0.0,0.0
26.666666666666668,0.0,0.0,0.0,0.0,0.0,0.0,0.0,0.0,0.0,0.0,0.0,0.0,0.0
26.75,0.0,0.0,0.0,0.0,0.0,0.0,0.0,0.0,0.0,0.0,0.0,0.0,0.0
26.833333333333332,0.0,0.0,0.0,0.0,0.0,0.0,0.0,0.0,0.0,0.0,0.0,0.0,0.0
26.916666666666668,0.0,0.0,0.0,0.0,0.0,0.0,0.0,0.0,0.0,0.0,0.0,0.0,0.0
27.0,0.0,0.0,0.0,0.0,0.0,0.0,0.0,0.0,0.0,0.0,0.0,0.0,0.0
27.083333333333332,0.0,0.0,0.0,0.0,0.0,0.0,0.0,0.0,0.0,0.0,0.0,0.0,0.0
27.166666666666668,0.0,0.0,0.0,0.0,0.0,0.0,0.0,0.0,0.0,0.0,0.0,0.0,0.0
27.25,0.0,0.0,0.0,0.0,0.0,0.0,0.0,0.0,0.0,0.0,0.0,0.0,0.0
27.333333333333332,0.0,0.0,0.0,0.0,0.0,0.0,0.0,0.0,0.0,0.0,0.0,0.0,0.0
27.416666666666668,0.0,0.0,0.0,0.0,0.0,0.0,0.0,0.0,0.0,0.0,0.0,0.0,0.0
27.5,0.0,0.0,0.0,0.0,0.0,0.0,0.0,0.0,0.0,0.0,0.0,0.0,0.0
27.583333333333332,0.0,0.0,0.0,0.0,0.0,0.0,0.0,0.0,0.0,0.0,0.0,0.0,0.0
27.666666666666668,0.0,0.0,0.0,0.0,0.0,0.0,0.0,0.0,0.0,0.0,0.0,0.0,0.0
27.75,0.0,0.0,0.0,0.0,0.0,0.0,0.0,0.0,0.0,0.0,0.0,0.0,0.0
27.833333333333332,0.0,0.0,0.0,0.0,0.0,0.0,0.0,0.0,0.0,0.0,0.0,0.0,0.0
27.916666666666668,0.0,0.0,0.0,0.0,0.0,0.0,0.0,0.0,0.0,0.0,0.0,0.0,0.0
28.0,0.0,0.0,0.0,0.0,0.0,0.0,0.0,0.0,0.0,0.0,0.0,0.0,0.0
28.083333333333332,0.0,0.0,0.0,0.0,0.0,0.0,0.0,0.0,0.0,0.0,0.0,0.0,0.0
28.166666666666668,0.0,0.0,0.0,0.0,0.0,0.0,0.0,0.0,0.0,0.0,0.0,0.0,0.0
28.25,0.0,0.0,0.0,0.0,0.0,0.0,0.0,0.0,0.0,0.0,0.0,0.0,0.0
28.333333333333332,0.0,0.0,0.0,0.0,0.0,0.0,0.0,0.0,0.0,0.0,0.0,0.0,0.0
28.416666666666668,0.0,0.0,0.0,0.0,0.0,0.0,0.0,0.0,0.0,0.0,0.0,0.0,0.0
28.5,0.0,0.0,0.0,0.0,0.0,0.0,0.0,0.0,0.0,0.0,0.0,0.0,0.0
28.583333333333332,0.0,0.0,0.0,0.0,0.0,0.0,0.0,0.0,0.0,0.0,0.0,0.0,0.0
28.666666666666668,0.0,0.0,0.0,0.0,0.0,0.0,0.0,0.0,0.0,0.0,0.0,0.0,0.0
28.75,0.0,0.0,0.0,0.0,0.0,0.0,0.0,0.0,0.0,0.0,0.0,0.0,0.0
28.833333333333332,0.0,0.0,0.0,0.0,0.0,0.0,0.0,0.0,0.0,0.0,0.0,0.0,0.0
28.916666666666668,0.0,0.0,0.0,0.0,0.0,0.0,0.0,0.0,0.0,0.0,0.0,0.0,0.0
29.0,0.0,0.0,0.0,0.0,0.0,0.0,0.0,0.0,0.0,0.0,0.0,0.0,0.0
29.083333333333332,0.0,0.0,0.0,0.0,0.0,0.0,0.0,0.0,0.0,0.0,0.0,0.0,0.0
29.166666666666668,0.0,0.0,0.0,0.0,0.0,0.0,0.0,0.0,0.0,0.0,0.0,0.0,0.0
29.25,0.0,0.0,0.0,0.0,0.0,0.0,0.0,0.0,0.0,0.0,0.0,0.0,0.0
29.333333333333332,0.0,0.0,0.0,0.0,0.0,0.0,0.0,0.0,0.0,0.0,0.0,0.0,0.0
29.416666666666668,0.0,0.0,0.0,0.0,0.0,0.0,0.0,0.0,0.0,0.0,0.0,0.0,0.0
29.5,0.0,0.0,0.0,0.0,0.0,0.0,0.0,0.0,0.0,0.0,0.0,0.0,0.0
29.583333333333332,0.0,0.0,0.0,0.0,0.0,0.0,0.0,0.0,0.0,0.0,0.0,0.0,0.0
29.666666666666668,0.0,0.0,0.0,0.0,0.0,0.0,0.0,0.0,0.0,0.0,0.0,0.0,0.0
29.75,0.0,0.0,0.0,0.0,0.0,0.0,0.0,0.0,0.0,0.0,0.0,0.0,0.0
29.833333333333332,0.0,0.0,0.0,0.0,0.0,0.0,0.0,0.0,0.0,0.0,0.0,0.0,0.0
29.916666666666668,0.0,0.0,0.0,0.0,0.0,0.0,0.0,0.0,0.0,0.0,0.0,0.0,0.0
30.0,0.0,0.0,0.0,0.0,0.0,0.0,0.0,0.0,0.0,0.0,0.0,0.0,0.0
30.083333333333332,0.0,0.0,0.0,0.0,0.0,0.0,0.0,0.0,0.0,0.0,0.0,0.0,0.0
30.166666666666668,0.0,0.0,0.0,0.0,0.0,0.0,0.0,0.0,0.0,0.0,0.0,0.0,0.0
30.25,0.0,0.0,0.0,0.0,0.0,0.0,0.0,0.0,0.0,0.0,0.0,0.0,0.0
30.333333333333332,0.0,0.0,0.0,0.0,0.0,0.0,0.0,0.0,0.0,0.0,0.0,0.0,0.0
30.416666666666668,0.0,0.0,0.0,0.0,0.0,0.0,0.0,0.0,0.0,0.0,0.0,0.0,0.0
30.5,0.0,0.0,0.0,0.0,0.0,0.0,0.0,0.0,0.0,0.0,0.0,0.0,0.0
30.583333333333332,0.0,0.0,0.0,0.0,0.0,0.0,0.0,0.0,0.0,0.0,0.0,0.0,0.0
30.666666666666668,0.0,0.0,0.0,0.0,0.0,0.0,0.0,0.0,0.0,0.0,0.0,0.0,0.0
30.75,0.0,0.0,0.0,0.0,0.0,0.0,0.0,0.0,0.0,0.0,0.0,0.0,0.0
30.833333333333332,0.0,0.0,0.0,0.0,0.0,0.0,0.0,0.0,0.0,0.0,0.0,0.0,0.0
30.916666666666668,0.0,0.0,0.0,0.0,0.0,0.0,0.0,0.0,0.0,0.0,0.0,0.0,0.0
31.0,0.0,0.0,0.0,0.0,0.0,0.0,0.0,0.0,0.0,0.0,0.0,0.0,0.0
31.083333333333332,0.0,0.0,0.0,0.0,0.0,0.0,0.0,0.0,0.0,0.0,0.0,0.0,0.0
31.166666666666668,0.0,0.0,0.0,0.0,0.0,0.0,0.0,0.0,0.0,0.0,0.0,0.0,0.0
31.25,0.0,0.0,0.0,0.0,0.0,0.0,0.0,0.0,0.0,0.0,0.0,0.0,0.0
31.333333333333332,0.0,0.0,0.0,0.0,0.0,0.0,0.0,0.0,0.0,0.0,0.0,0.0,0.0
31.416666666666668,0.0,0.0,0.0,0.0,0.0,0.0,0.0,0.0,0.0,0.0,0.0,0.0,0.0
31.5,0.0,0.0,0.0,0.0,0.0,0.0,0.0,0.0,0.0,0.0,0.0,0.0,0.0
31.583333333333332,0.0,0.0,0.0,0.0,0.0,0.0,0.0,0.0,0.0,0.0,0.0,0.0,0.0
31.666666666666668,0.0,0.0,0.0,0.0,0.0,0.0,0.0,0.0,0.0,0.0,0.0,0.0,0.0
31.75,0.0,0.0,0.0,0.0,0.0,0.0,0.0,0.0,0.0,0.0,0.0,0.0,0.0
31.833333333333332,0.0,0.0,0.0,0.0,0.0,0.0,0.0,0.0,0.0,0.0,0.0,0.0,0.0
31.916666666666668,0.0,0.0,0.0,0.0,0.0,0.0,0.0,0.0,0.0,0.0,0.0,0.0,0.0
32.0,0.0,0.0,0.0,0.0,0.0,0.0,0.0,0.0,0.0,0.0,0.0,0.0,0.0
32.083333333333336,0.0,0.0,0.0,0.0,0.0,0.0,0.0,0.0,0.0,0.0,0.0,0.0,0.0
32.166666666666664,0.0,0.0,0.0,0.0,0.0,0.0,0.0,0.0,0.0,0.0,0.0,0.0,0.0
32.25,0.0,0.0,0.0,0.0,0.0,0.0,0.0,0.0,0.0,0.0,0.0,0.0,0.0
32.333333333333336,0.0,0.0,0.0,0.0,0.0,0.0,0.0,0.0,0.0,0.0,0.0,0.0,0.0
32.416666666666664,0.0,0.0,0.0,0.0,0.0,0.0,0.0,0.0,0.0,0.0,0.0,0.0,0.0
32.5,0.0,0.0,0.0,0.0,0.0,0.0,0.0,0.0,0.0,0.0,0.0,0.0,0.0
32.583333333333336,0.0,0.0,0.0,0.0,0.0,0.0,0.0,0.0,0.0,0.0,0.0,0.0,0.0
32.666666666666664,0.0,0.0,0.0,0.0,0.0,0.0,0.0,0.0,0.0,0.0,0.0,0.0,0.0
32.75,0.0,0.0,0.0,0.0,0.0,0.0,0.0,0.0,0.0,0.0,0.0,0.0,0.0
32.833333333333336,0.0,0.0,0.0,0.0,0.0,0.0,0.0,0.0,0.0,0.0,0.0,0.0,0.0
32.916666666666664,0.0,0.0,0.0,0.0,0.0,0.0,0.0,0.0,0.0,0.0,0.0,0.0,0.0
33.0,0.0,0.0,0.0,0.0,0.0,0.0,0.0,0.0,0.0,0.0,0.0,0.0,0.0
33.083333333333336,0.0,0.0,0.0,0.0,0.0,0.0,0.0,0.0,0.0,0.0,0.0,0.0,0.0
33.166666666666664,0.0,0.0,0.0,0.0,0.0,0.0,0.0,0.0,0.0,0.0,0.0,0.0,0.0
33.25,0.0,0.0,0.0,0.0,0.0,0.0,0.0,0.0,0.0,0.0,0.0,0.0,0.0
33.333333333333336,0.0,0.0,0.0,0.0,0.0,0.0,0.0,0.0,0.0,0.0,0.0,0.0,0.0
33.416666666666664,0.0,0.0,0.0,0.0,0.0,0.0,0.0,0.0,0.0,0.0,0.0,0.0,0.0
33.5,0.0,0.0,0.0,0.0,0.0,0.0,0.0,0.0,0.0,0.0,0.0,0.0,0.0
33.583333333333336,0.0,0.0,0.0,0.0,0.0,0.0,0.0,0.0,0.0,0.0,0.0,0.0,0.0
33.666666666666664,0.0,0.0,0.0,0.0,0.0,0.0,0.0,0.0,0.0,0.0,0.0,0.0,0.0
33.75,0.0,0.0,0.0,0.0,0.0,0.0,0.0,0.0,0.0,0.0,0.0,0.0,0.0
33.833333333333336,0.0,0.0,0.0,0.0,0.0,0.0,0.0,0.0,0.0,0.0,0.0,0.0,0.0
33.916666666666664,0.0,0.0,0.0,0.0,0.0,0.0,0.0,0.0,0.0,0.0,0.0,0.0,0.0
34.0,0.0,0.0,0.0,0.0,0.0,0.0,0.0,0.0,0.0,0.0,0.0,0.0,0.0
34.083333333333336,0.0,0.0,0.0,0.0,0.0,0.0,0.0,0.0,0.0,0.0,0.0,0.0,0.0
34.166666666666664,0.0,0.0,0.0,0.0,0.0,0.0,0.0,0.0,0.0,0.0,0.0,0.0,0.0
34.25,0.0,0.0,0.0,0.0,0.0,0.0,0.0,0.0,0.0,0.0,0.0,0.0,0.0
34.333333333333336,0.0,0.0,0.0,0.0,0.0,0.0,0.0,0.0,0.0,0.0,0.0,0.0,0.0
34.416666666666664,0.0,0.0,0.0,0.0,0.0,0.0,0.0,0.0,0.0,0.0,0.0,0.0,0.0
34.5,0.0,0.0,0.0,0.0,0.0,0.0,0.0,0.0,0.0,0.0,0.0,0.0,0.0
34.583333333333336,0.0,0.0,0.0,0.0,0.0,0.0,0.0,0.0,0.0,0.0,0.0,0.0,0.0
34.666666666666664,0.0,0.0,0.0,0.0,0.0,0.0,0.0,0.0,0.0,0.0,0.0,0.0,0.0
34.75,0.0,0.0,0.0,0.0,0.0,0.0,0.0,0.0,0.0,0.0,0.0,0.0,0.0
34.833333333333336,0.0,0.0,0.0,0.0,0.0,0.0,0.0,0.0,0.0,0.0,0.0,0.0,0.0
34.916666666666664,0.0,0.0,0.0,0.0,0.0,0.0,0.0,0.0,0.0,0.0,0.0,0.0,0.0
35.0,0.0,0.0,0.0,0.0,0.0,0.0,0.0,0.0,0.0,0.0,0.0,0.0,0.0
35.083333333333336,0.0,0.0,0.0,0.0,0.0,0.0,0.0,0.0,0.0,0.0,0.0,0.0,0.0
35.166666666666664,0.0,0.0,0.0,0.0,0.0,0.0,0.0,0.0,0.0,0.0,0.0,0.0,0.0
35.25,0.0,0.0,0.0,0.0,0.0,0.0,0.0,0.0,0.0,0.0,0.0,0.0,0.0
35.333333333333336,0.0,0.0,0.0,0.0,0.0,0.0,0.0,0.0,0.0,0.0,0.0,0.0,0.0
35.416666666666664,0.0,0.0,0.0,0.0,0.0,0.0,0.0,0.0,0.0,0.0,0.0,0.0,0.0
35.5,0.0,0.0,0.0,0.0,0.0,0.0,0.0,0.0,0.0,0.0,0.0,0.0,0.0
35.583333333333336,0.0,0.0,0.0,0.0,0.0,0.0,0.0,0.0,0.0,0.0,0.0,0.0,0.0
35.666666666666664,0.0,0.0,0.0,0.0,0.0,0.0,0.0,0.0,0.0,0.0,0.0,0.0,0.0
35.75,0.0,0.0,0.0,0.0,0.0,0.0,0.0,0.0,0.0,0.0,0.0,0.0,0.0
35.833333333333336,0.0,0.0,0.0,0.0,0.0,0.0,0.0,0.0,0.0,0.0,0.0,0.0,0.0
35.916666666666664,0.0,0.0,0.0,0.0,0.0,0.0,0.0,0.0,0.0,0.0,0.0,0.0,0.0
36.0,0.0,0.0,0.0,0.0,0.0,0.0,0.0,0.0,0.0,0.0,0.0,0.0,0.0
36.083333333333336,0.0,0.0,0.0,0.0,0.0,0.0,0.0,0.0,0.0,0.0,0.0,0.0,0.0
36.166666666666664,0.0,0.0,0.0,0.0,0.0,0.0,0.0,0.0,0.0,0.0,0.0,0.0,0.0
36.25,0.0,0.0,0.0,0.0,0.0,0.0,0.0,0.0,0.0,0.0,0.0,0.0,0.0
36.333333333333336,0.0,0.0,0.0,0.0,0.0,0.0,0.0,0.0,0.0,0.0,0.0,0.0,0.0
36.416666666666664,0.0,0.0,0.0,0.0,0.0,0.0,0.0,0.0,0.0,0.0,0.0,0.0,0.0
36.5,0.0,0.0,0.0,0.0,0.0,0.0,0.0,0.0,0.0,0.0,0.0,0.0,0.0
36.583333333333336,0.0,0.0,0.0,0.0,0.0,0.0,0.0,0.0,0.0,0.0,0.0,0.0,0.0
36.666666666666664,0.0,0.0,0.0,0.0,0.0,0.0,0.0,0.0,0.0,0.0,0.0,0.0,0.0
36.75,0.0,0.0,0.0,0.0,0.0,0.0,0.0,0.0,0.0,0.0,0.0,0.0,0.0
36.833333333333336,0.0,0.0,0.0,0.0,0.0,0.0,0.0,0.0,0.0,0.0,0.0,0.0,0.0
36.916666666666664,0.0,0.0,0.0,0.0,0.0,0.0,0.0,0.0,0.0,0.0,0.0,0.0,0.0
37.0,0.0,0.0,0.0,0.0,0.0,0.0,0.0,0.0,0.0,0.0,0.0,0.0,0.0
37.083333333333336,0.0,0.0,0.0,0.0,0.0,0.0,0.0,0.0,0.0,0.0,0.0,0.0,0.0
37.166666666666664,0.0,0.0,0.0,0.0,0.0,0.0,0.0,0.0,0.0,0.0,0.0,0.0,0.0
37.25,0.0,0.0,0.0,0.0,0.0,0.0,0.0,0.0,0.0,0.0,0.0,0.0,0.0
37.333333333333336,0.0,0.0,0.0,0.0,0.0,0.0,0.0,0.0,0.0,0.0,0.0,0.0,0.0
37.416666666666664,0.0,0.0,0.0,0.0,0.0,0.0,0.0,0.0,0.0,0.0,0.0,0.0,0.0
37.5,0.0,0.0,0.0,0.0,0.0,0.0,0.0,0.0,0.0,0.0,0.0,0.0,0.0
37.583333333333336,0.0,0.0,0.0,0.0,0.0,0.0,0.0,0.0,0.0,0.0,0.0,0.0,0.0
37.666666666666664,0.0,0.0,0.0,0.0,0.0,0.0,0.0,0.0,0.0,0.0,0.0,0.0,0.0
37.75,0.0,0.0,0.0,0.0,0.0,0.0,0.0,0.0,0.0,0.0,0.0,0.0,0.0
37.833333333333336,0.0,0.0,0.0,0.0,0.0,0.0,0.0,0.0,0.0,0.0,0.0,0.0,0.0
37.916666666666664,0.0,0.0,0.0,0.0,0.0,0.0,0.0,0.0,0.0,0.0,0.0,0.0,0.0
38.0,0.0,0.0,0.0,0.0,0.0,0.0,0.0,0.0,0.0,0.0,0.0,0.0,0.0
38.083333333333336,0.0,0.0,0.0,0.0,0.0,0.0,0.0,0.0,0.0,0.0,0.0,0.0,0.0
38.166666666666664,0.0,0.0,0.0,0.0,0.0,0.0,0.0,0.0,0.0,0.0,0.0,0.0,0.0
38.25,0.0,0.0,0.0,0.0,0.0,0.0,0.0,0.0,0.0,0.0,0.0,0.0,0.0
38.333333333333336,0.0,0.0,0.0,0.0,0.0,0.0,0.0,0.0,0.0,0.0,0.0,0.0,0.0
38.416666666666664,0.0,0.0,0.0,0.0,0.0,0.0,0.0,0.0,0.0,0.0,0.0,0.0,0.0
38.5,0.0,0.0,0.0,0.0,0.0,0.0,0.0,0.0,0.0,0.0,0.0,0.0,0.0
38.583333333333336,0.0,0.0,0.0,0.0,0.0,0.0,0.0,0.0,0.0,0.0,0.0,0.0,0.0
38.666666666666664,0.0,0.0,0.0,0.0,0.0,0.0,0.0,0.0,0.0,0.0,0.0,0.0,0.0
38.75,0.0,0.0,0.0,0.0,0.0,0.0,0.0,0.0,0.0,0.0,0.0,0.0,0.0
38.833333333333336,0.0,0.0,0.0,0.0,0.0,0.0,0.0,0.0,0.0,0.0,0.0,0.0,0.0
38.916666666666664,0.0,0.0,0.0,0.0,0.0,0.0,0.0,0.0,0.0,0.0,0.0,0.0,0.0
39.0,0.0,0.0,0.0,0.0,0.0,0.0,0.0,0.0,0.0,0.0,0.0,0.0,0.0
39.083333333333336,0.0,0.0,0.0,0.0,0.0,0.0,0.0,0.0,0.0,0.0,0.0,0.0,0.0
39.166666666666664,0.0,0.0,0.0,0.0,0.0,0.0,0.0,0.0,0.0,0.0,0.0,0.0,0.0
39.25,0.0,0.0,0.0,0.0,0.0,0.0,0.0,0.0,0.0,0.0,0.0,0.0,0.0
39.333333333333336,0.0,0.0,0.0,0.0,0.0,0.0,0.0,0.0,0.0,0.0,0.0,0.0,0.0
39.416666666666664,0.0,0.0,0.0,0.0,0.0,0.0,0.0,0.0,0.0,0.0,0.0,0.0,0.0
39.5,0.0,0.0,0.0,0.0,0.0,0.0,0.0,0.0,0.0,0.0,0.0,0.0,0.0
39.583333333333336,0.0,0.0,0.0,0.0,0.0,0.0,0.0,0.0,0.0,0.0,0.0,0.0,0.0
39.666666666666664,0.0,0.0,0.0,0.0,0.0,0.0,0.0,0.0,0.0,0.0,0.0,0.0,0.0
39.75,0.0,0.0,0.0,0.0,0.0,0.0,0.0,0.0,0.0,0.0,0.0,0.0,0.0
39.833333333333336,0.0,0.0,0.0,0.0,0.0,0.0,0.0,0.0,0.0,0.0,0.0,0.0,0.0
39.916666666666664,0.0,0.0,0.0,0.0,0.0,0.0,0.0,0.0,0.0,0.0,0.0,0.0,0.0
40.0,0.0,0.0,0.0,0.0,0.0,0.0,0.0,0.0,0.0,0.0,0.0,0.0,0.0
40.083333333333336,0.0,0.0,0.0,0.0,0.0,0.0,0.0,0.0,0.0,0.0,0.0,0.0,0.0
40.166666666666664,0.0,0.0,0.0,0.0,0.0,0.0,0.0,0.0,0.0,0.0,0.0,0.0,0.0
40.25,0.0,0.0,0.0,0.0,0.0,0.0,0.0,0.0,0.0,0.0,0.0,0.0,0.0
40.333333333333336,0.0,0.0,0.0,0.0,0.0,0.0,0.0,0.0,0.0,0.0,0.0,0.0,0.0
40.416666666666664,0.0,0.0,0.0,0.0,0.0,0.0,0.0,0.0,0.0,0.0,0.0,0.0,0.0
40.5,0.0,0.0,0.0,0.0,0.0,0.0,0.0,0.0,0.0,0.0,0.0,0.0,0.0
40.583333333333336,0.0,0.0,0.0,0.0,0.0,0.0,0.0,0.0,0.0,0.0,0.0,0.0,0.0
40.666666666666664,0.0,0.0,0.0,0.0,0.0,0.0,0.0,0.0,0.0,0.0,0.0,0.0,0.0
40.75,0.0,0.0,0.0,0.0,0.0,0.0,0.0,0.0,0.0,0.0,0.0,0.0,0.0
40.833333333333336,0.0,0.0,0.0,0.0,0.0,0.0,0.0,0.0,0.0,0.0,0.0,0.0,0.0
40.916666666666664,0.0,0.0,0.0,0.0,0.0,0.0,0.0,0.0,0.0,0.0,0.0,0.0,0.0
41.0,0.0,0.0,0.0,0.0,0.0,0.0,0.0,0.0,0.0,0.0,0.0,0.0,0.0
41.083333333333336,0.0,0.0,0.0,0.0,0.0,0.0,0.0,0.0,0.0,0.0,0.0,0.0,0.0
41.166666666666664,0.0,0.0,0.0,0.0,0.0,0.0,0.0,0.0,0.0,0.0,0.0,0.0,0.0
41.25,0.0,0.0,0.0,0.0,0.0,0.0,0.0,0.0,0.0,0.0,0.0,0.0,0.0
41.333333333333336,0.0,0.0,0.0,0.0,0.0,0.0,0.0,0.0,0.0,0.0,0.0,0.0,0.0
41.416666666666664,0.0,0.0,0.0,0.0,0.0,0.0,0.0,0.0,0.0,0.0,0.0,0.0,0.0
41.5,0.0,0.0,0.0,0.0,0.0,0.0,0.0,0.0,0.0,0.0,0.0,0.0,0.0
41.583333333333336,0.0,0.0,0.0,0.0,0.0,0.0,0.0,0.0,0.0,0.0,0.0,0.0,0.0
41.666666666666664,0.0,0.0,0.0,0.0,0.0,0.0,0.0,0.0,0.0,0.0,0.0,0.0,0.0
41.75,0.0,0.0,0.0,0.0,0.0,0.0,0.0,0.0,0.0,0.0,0.0,0.0,0.0
41.833333333333336,0.0,0.0,0.0,0.0,0.0,0.0,0.0,0.0,0.0,0.0,0.0,0.0,0.0
41.916666666666664,0.0,0.0,0.0,0.0,0.0,0.0,0.0,0.0,0.0,0.0,0.0,0.0,0.0
42.0,0.0,0.0,0.0,0.0,0.0,0.0,0.0,0.0,0.0,0.0,0.0,0.0,0.0
42.083333333333336,0.0,0.0,0.0,0.0,0.0,0.0,0.0,0.0,0.0,0.0,0.0,0.0,0.0
42.166666666666664,0.0,0.0,0.0,0.0,0.0,0.0,0.0,0.0,0.0,0.0,0.0,0.0,0.0
42.25,0.0,0.0,0.0,0.0,0.0,0.0,0.0,0.0,0.0,0.0,0.0,0.0,0.0
42.333333333333336,0.0,0.0,0.0,0.0,0.0,0.0,0.0,0.0,0.0,0.0,0.0,0.0,0.0
42.416666666666664,0.0,0.0,0.0,0.0,0.0,0.0,0.0,0.0,0.0,0.0,0.0,0.0,0.0
42.5,0.0,0.0,0.0,0.0,0.0,0.0,0.0,0.0,0.0,0.0,0.0,0.0,0.0
42.583333333333336,0.0,0.0,0.0,0.0,0.0,0.0,0.0,0.0,0.0,0.0,0.0,0.0,0.0
42.666666666666664,0.0,0.0,0.0,0.0,0.0,0.0,0.0,0.0,0.0,0.0,0.0,0.0,0.0
42.75,0.0,0.0,0.0,0.0,0.0,0.0,0.0,0.0,0.0,0.0,0.0,0.0,0.0
42.833333333333336,0.0,0.0,0.0,0.0,0.0,0.0,0.0,0.0,0.0,0.0,0.0,0.0,0.0
42.916666666666664,0.0,0.0,0.0,0.0,0.0,0.0,0.0,0.0,0.0,0.0,0.0,0.0,0.0
43.0,0.0,0.0,0.0,0.0,0.0,0.0,0.0,0.0,0.0,0.0,0.0,0.0,0.0
43.083333333333336,0.0,0.0,0.0,0.0,0.0,0.0,0.0,0.0,0.0,0.0,0.0,0.0,0.0
43.166666666666664,0.0,0.0,0.0,0.0,0.0,0.0,0.0,0.0,0.0,0.0,0.0,0.0,0.0
43.25,0.0,0.0,0.0,0.0,0.0,0.0,0.0,0.0,0.0,0.0,0.0,0.0,0.0
43.333333333333336,0.0,0.0,0.0,0.0,0.0,0.0,0.0,0.0,0.0,0.0,0.0,0.0,0.0
43.416666666666664,0.0,0.0,0.0,0.0,0.0,0.0,0.0,0.0,0.0,0.0,0.0,0.0,0.0
43.5,0.0,0.0,0.0,0.0,0.0,0.0,0.0,0.0,0.0,0.0,0.0,0.0,0.0
43.583333333333336,0.0,0.0,0.0,0.0,0.0,0.0,0.0,0.0,0.0,0.0,0.0,0.0,0.0
43.666666666666664,0.0,0.0,0.0,0.0,0.0,0.0,0.0,0.0,0.0,0.0,0.0,0.0,0.0
43.75,0.0,0.0,0.0,0.0,0.0,0.0,0.0,0.0,0.0,0.0,0.0,0.0,0.0
43.833333333333336,0.0,0.0,0.0,0.0,0.0,0.0,0.0,0.0,0.0,0.0,0.0,0.0,0.0
43.916666666666664,0.0,0.0,0.0,0.0,0.0,0.0,0.0,0.0,0.0,0.0,0.0,0.0,0.0
44.0,0.0,0.0,0.0,0.0,0.0,0.0,0.0,0.0,0.0,0.0,0.0,0.0,0.0
44.083333333333336,0.0,0.0,0.0,0.0,0.0,0.0,0.0,0.0,0.0,0.0,0.0,0.0,0.0
44.166666666666664,0.0,0.0,0.0,0.0,0.0,0.0,0.0,0.0,0.0,0.0,0.0,0.0,0.0
44.25,0.0,0.0,0.0,0.0,0.0,0.0,0.0,0.0,0.0,0.0,0.0,0.0,0.0
44.333333333333336,0.0,0.0,0.0,0.0,0.0,0.0,0.0,0.0,0.0,0.0,0.0,0.0,0.0
44.416666666666664,0.0,0.0,0.0,0.0,0.0,0.0,0.0,0.0,0.0,0.0,0.0,0.0,0.0
44.5,0.0,0.0,0.0,0.0,0.0,0.0,0.0,0.0,0.0,0.0,0.0,0.0,0.0
44.583333333333336,0.0,0.0,0.0,0.0,0.0,0.0,0.0,0.0,0.0,0.0,0.0,0.0,0.0
44.666666666666664,0.0,0.0,0.0,0.0,0.0,0.0,0.0,0.0,0.0,0.0,0.0,0.0,0.0
44.75,0.0,0.0,0.0,0.0,0.0,0.0,0.0,0.0,0.0,0.0,0.0,0.0,0.0
44.833333333333336,0.0,0.0,0.0,0.0,0.0,0.0,0.0,0.0,0.0,0.0,0.0,0.0,0.0
44.916666666666664,0.0,0.0,0.0,0.0,0.0,0.0,0.0,0.0,0.0,0.0,0.0,0.0,0.0
45.0,0.0,0.0,0.0,0.0,0.0,0.0,0.0,0.0,0.0,0.0,0.0,0.0,0.0
45.083333333333336,0.0,0.0,0.0,0.0,0.0,0.0,0.0,0.0,0.0,0.0,0.0,0.0,0.0
45.166666666666664,0.0,0.0,0.0,0.0,0.0,0.0,0.0,0.0,0.0,0.0,0.0,0.0,0.0
45.25,0.0,0.0,0.0,0.0,0.0,0.0,0.0,0.0,0.0,0.0,0.0,0.0,0.0
45.333333333333336,0.0,0.0,0.0,0.0,0.0,0.0,0.0,0.0,0.0,0.0,0.0,0.0,0.0
45.416666666666664,0.0,0.0,0.0,0.0,0.0,0.0,0.0,0.0,0.0,0.0,0.0,0.0,0.0
45.5,0.0,0.0,0.0,0.0,0.0,0.0,0.0,0.0,0.0,0.0,0.0,0.0,0.0
45.583333333333336,0.0,0.0,0.0,0.0,0.0,0.0,0.0,0.0,0.0,0.0,0.0,0.0,0.0
45.666666666666664,0.0,0.0,0.0,0.0,0.0,0.0,0.0,0.0,0.0,0.0,0.0,0.0,0.0
45.75,0.0,0.0,0.0,0.0,0.0,0.0,0.0,0.0,0.0,0.0,0.0,0.0,0.0
45.833333333333336,0.0,0.0,0.0,0.0,0.0,0.0,0.0,0.0,0.0,0.0,0.0,0.0,0.0
45.916666666666664,0.0,0.0,0.0,0.0,0.0,0.0,0.0,0.0,0.0,0.0,0.0,0.0,0.0
46.0,0.0,0.0,0.0,0.0,0.0,0.0,0.0,0.0,0.0,0.0,0.0,0.0,0.0
46.083333333333336,0.0,0.0,0.0,0.0,0.0,0.0,0.0,0.0,0.0,0.0,0.0,0.0,0.0
46.166666666666664,0.0,0.0,0.0,0.0,0.0,0.0,0.0,0.0,0.0,0.0,0.0,0.0,0.0
46.25,0.0,0.0,0.0,0.0,0.0,0.0,0.0,0.0,0.0,0.0,0.0,0.0,0.0
46.333333333333336,0.0,0.0,0.0,0.0,0.0,0.0,0.0,0.0,0.0,0.0,0.0,0.0,0.0
46.416666666666664,0.0,0.0,0.0,0.0,0.0,0.0,0.0,0.0,0.0,0.0,0.0,0.0,0.0
46.5,0.0,0.0,0.0,0.0,0.0,0.0,0.0,0.0,0.0,0.0,0.0,0.0,0.0
46.583333333333336,0.0,0.0,0.0,0.0,0.0,0.0,0.0,0.0,0.0,0.0,0.0,0.0,0.0
46.666666666666664,0.0,0.0,0.0,0.0,0.0,0.0,0.0,0.0,0.0,0.0,0.0,0.0,0.0
46.75,0.0,0.0,0.0,0.0,0.0,0.0,0.0,0.0,0.0,0.0,0.0,0.0,0.0
46.833333333333336,0.0,0.0,0.0,0.0,0.0,0.0,0.0,0.0,0.0,0.0,0.0,0.0,0.0
46.916666666666664,0.0,0.0,0.0,0.0,0.0,0.0,0.0,0.0,0.0,0.0,0.0,0.0,0.0
47.0,0.0,0.0,0.0,0.0,0.0,0.0,0.0,0.0,0.0,0.0,0.0,0.0,0.0
47.083333333333336,0.0,0.0,0.0,0.0,0.0,0.0,0.0,0.0,0.0,0.0,0.0,0.0,0.0
47.166666666666664,0.0,0.0,0.0,0.0,0.0,0.0,0.0,0.0,0.0,0.0,0.0,0.0,0.0
47.25,0.0,0.0,0.0,0.0,0.0,0.0,0.0,0.0,0.0,0.0,0.0,0.0,0.0
47.333333333333336,0.0,0.0,0.0,0.0,0.0,0.0,0.0,0.0,0.0,0.0,0.0,0.0,0.0
47.416666666666664,0.0,0.0,0.0,0.0,0.0,0.0,0.0,0.0,0.0,0.0,0.0,0.0,0.0
47.5,0.0,0.0,0.0,0.0,0.0,0.0,0.0,0.0,0.0,0.0,0.0,0.0,0.0
47.583333333333336,0.0,0.0,0.0,0.0,0.0,0.0,0.0,0.0,0.0,0.0,0.0,0.0,0.0
47.666666666666664,0.0,0.0,0.0,0.0,0.0,0.0,0.0,0.0,0.0,0.0,0.0,0.0,0.0
47.75,0.0,0.0,0.0,0.0,0.0,0.0,0.0,0.0,0.0,0.0,0.0,0.0,0.0
47.833333333333336,0.0,0.0,0.0,0.0,0.0,0.0,0.0,0.0,0.0,0.0,0.0,0.0,0.0
47.916666666666664,0.0,0.0,0.0,0.0,0.0,0.0,0.0,0.0,0.0,0.0,0.0,0.0,0.0
48.0,0.0,0.0,0.0,0.0,0.0,0.0,0.0,0.0,0.0,0.0,0.0,0.0,0.0
