hours,200yr,500yr,1000yr,10000yr,PMF
0.0,0.0,0.0,0.0,0.0,0.0
0.08333333325572312,0.0,0.0,0.0,0.0,0.0
0.16666666668606922,0.0,0.0,0.0,0.0,0.0
0.24999999994179234,0.0,0.0,0.0,0.0,0.0
0.33333333337213844,0.0,0.0,0.0,0.0,0.04434372876672532
0.41666666662786156,0.0,0.0,0.0,0.0,0.2671147812329613
0.5000000000582077,0.0,0.0,0.0,0.0,0.8820736846858791
0.5833333333139308,0.0,0.0,0.0,0.0,2.1730979324243105
0.6666666667442769,0.0,0.0,0.0,0.0,4.391077608249891
0.75,0.0,0.0,0.0,0.0,7.6190980125511025
0.8333333332557231,0.0,0.0,0.0,0.0,11.773657572870334
0.9166666666860692,0.0,0.0,0.0,0.0,16.65912749593054
0.9999999999417923,0.0,0.0,0.0,0.00039659021752292534,22.03512445867495
1.0833333333721384,0.0,0.0,0.0,0.00741445410081207,27.648756355659998
1.1666666666278616,0.0,0.0,0.0,0.03510563929980565,33.24088395448842
1.2500000000582077,0.0,0.0,0.0,0.1037273890898735,38.62815550308787
1.3333333333139308,0.0,0.0,0.0,0.2398682846514412,43.727645324404804
1.4166666667442769,0.0,0.0,0.0,0.46582344165333844,48.49790639768233
1.5,0.0,0.0,0.0,0.7902597413267392,52.91323755740699
1.5833333332557231,0.0,0.0,0.0,1.2148285769412817,56.976354473668664
1.6666666666860692,0.0,0.0,0.0,1.7351411983617933,60.718505289052196
1.7499999999417923,0.0,0.0,0.0,2.336257431161133,64.1540828304875
1.8333333333721384,0.0,0.0,0.0,2.997881659498961,67.28438893157102
1.9166666666278616,0.0,0.0,1.5373004826900496e-05,3.6964631983971956,70.12186848628724
2.0000000000582077,0.0,0.0,0.0012466895668675703,4.411803191552567,72.69547841111928
2.083333333313931,0.0,0.0,0.007063721433956413,5.13584188481424,75.05615566108385
2.166666666744277,0.0,0.0,0.023027159283555643,5.86571721784157,77.2675465574713
2.25,0.0,0.0,0.05710204667708633,6.598361657055345,79.41028965763991
2.333333333255723,0.0,0.0001392741989613742,0.11699406316855616,7.33078316905613,81.6016943951883
2.416666666686069,0.0,0.001850548345358821,0.20758569805161828,8.061166132095064,84.00232594513017
2.4999999999417923,0.0,0.008206662452108722,0.3304721028479141,8.794426326665045,86.81168592130926
2.5833333333721384,0.0,0.02374009999873309,0.4836687559110375,9.52666149364197,90.22095219098415
2.6666666666278616,0.0,0.05434065980496104,0.6633487817663811,10.245469992344919,94.37044045486567
2.7500000000582077,0.0,0.10480741540758566,0.8642587206696988,10.94279477476682,99.3577087117866
2.833333333313931,0.0,0.17722282681690718,1.0797458412916987,11.617994476955657,105.23035267823357
2.916666666744277,0.0,0.2717822562659127,1.3057605415623323,12.277129604919379,111.95449600526696
3.0,0.00043604152889496203,0.3871708714574676,1.5405006744739314,12.924895541669569,119.42188309089568
3.083333333255723,0.002807046036117443,0.5214538978809603,1.7831802226778943,13.56676411985511,127.51616126611165
3.166666666686069,0.009717623333022781,0.6719219851507597,2.033390525384138,14.220166893797128,136.13276718595452
3.2499999999417923,0.0248727932051857,0.835061037625535,2.289803346495838,14.89761173321833,145.1330775949174
3.3333333333721384,0.052173478025631034,1.0085225132910867,2.5521048927058585,15.605997183744536,154.35966607595566
3.4166666666278616,0.09408593271011517,1.189684594940885,2.818103545731928,16.364000927853198,163.67592459266876
3.5000000000582077,0.15127786066354035,1.375466606486022,3.0836049497258617,17.20069420234304,172.9719492196117
3.583333333313931,0.2232940951654557,1.564451918592246,3.3475107125470958,18.137261357211912,182.16364813127876
3.666666666744277,0.3088972872969579,1.7561169841959117,3.611078487660966,19.18119218662346,191.17288572181957
3.75,0.4063968026512474,1.9504732373414906,3.8758713212602687,20.341758879707022,199.92732315826865
3.833333333255723,0.5137031361073597,2.147828843592847,4.143844637453633,21.638962246901677,208.3841647003903
3.916666666686069,0.6283371019363105,2.3466183387677617,4.413814744300411,23.070369783264194,216.55223342717
3.9999999999417923,0.7483130101815028,2.5455918379920823,4.685849185187707,24.61032467745579,224.52727743168106
4.083333333372138,0.8725185758553754,2.7451778392443966,4.961963059392123,26.24472316572725,232.4935732207715
4.166666666627862,0.9999945809315971,2.9452177156442154,5.244036300120385,27.974523373391566,240.6242113129502
4.250000000058208,1.1303305783414497,3.1469709960258876,5.536741372978388,29.795772338202827,248.61714809151283
4.333333333313931,1.2636935982581872,3.3529263745468394,5.846963929261911,31.693369210221533,256.2795199216115
4.416666666744277,1.3998329407427985,3.5644090127216224,6.179525518934168,33.64993844769817,263.64789201742957
4.5,1.5383252041241502,3.782548846440409,6.538582542816033,35.66168460424387,270.9951314780004
4.583333333255723,1.6793087947460088,4.00988459536743,6.9296676091742,37.71479922635662,278.9076795464749
4.666666666686069,1.8235530337359693,4.25102999453504,7.360531757135442,39.787256739277076,288.39081797131206
4.749999999941792,1.9704500032211392,4.506658361567928,7.831412656403004,41.86130429016235,301.25090004382463
4.833333333372138,2.1177554765090045,4.774824964779737,8.336979279827684,43.92481382133174,321.3391681039619
4.916666666627862,2.2649729270303625,5.057005309834017,8.87588492866055,45.98229939566772,355.5327277176739
5.000000000058208,2.4130633792122964,5.357383225325569,9.4500660961809,48.043922995163086,409.31100451556415
5.083333333313931,2.5650739404826153,5.683250338025148,10.065389097578114,50.10929374089266,477.6526018449703
5.166666666744277,2.7246359949481183,6.041763297631662,10.72707649168049,52.18259114003406,547.0143585141981
5.25,2.893388635688974,6.434951438017018,11.432733473618741,54.25575314919415,608.3410054291071
5.333333333255723,3.073514323386964,6.86478024563212,12.180574481971739,56.31748030710743,662.5200718865433
5.416666666686069,3.2651600655969135,7.328140465582581,12.962045452661954,58.36672475274035,717.77667485374
5.499999999941792,3.4681111616831464,7.82027352400283,13.767184672472062,60.40973824272736,786.9677724726849
5.583333333372138,3.683802574802283,8.33868498115461,14.590426408047843,62.45231512996987,884.6441741216283
5.666666666627862,3.9127974099747784,8.87888911367726,15.42428475069958,64.50038618971458,1020.2743538349414
5.750000000058208,4.158562088856781,9.441747936426957,16.270107371295587,66.57254069038974,1188.0313154267456
5.833333333313931,4.426659622858816,10.032298610826004,17.136146986169962,68.71451250451321,1366.1842898603693
5.916666666744277,4.7187359571356655,10.649145517713404,18.021716528226744,70.96503767964397,1531.8574374126922
6.0,5.035434683506864,11.290059471383419,18.925294654190516,73.35223514945542,1674.3834668429279
6.083333333255723,5.377615372111441,11.953932006509334,19.846953346818637,75.92502042597204,1796.1526705802198
6.166666666686069,5.746292253207379,12.640938167589217,20.788655027086232,78.7491834436938,1906.3650939183867
6.249999999941792,6.140007907454676,13.34804503546043,21.747825724107372,81.8533403880684,2014.7558888364886
6.333333333372138,6.555869825192568,14.070499764357239,22.719367285062745,85.2365655366321,2128.2865768669644
6.416666666627862,6.989420878902398,14.801538445629923,23.69539535660664,88.88017277871533,2249.4472743955143
6.500000000058208,7.435761041391849,15.534327326246252,24.668310420111663,92.7628049081873,2376.007645050247
6.583333333313931,7.894821040350603,16.270461357168536,25.642868891613887,96.87217384622132,2502.379334147199
6.666666666744277,8.370299414800723,17.018020900141213,26.633668038081694,101.18937490516751,2622.123980346256
6.75,8.862619070874821,17.77956987676329,27.64836810937672,105.68721012731983,2730.4546105869763
6.833333333255723,9.36939624414838,18.55311488961115,28.689398131278036,110.34542924399888,2825.4502812477112
6.916666666686069,9.88918775621654,19.338390210522633,29.76284793817841,115.14059859666503,2907.760763812236
6.999999999941792,10.426414302100685,20.145202733232374,30.890034315034303,120.06549194764183,2979.513916973779
7.083333333372138,10.97941804929204,20.97375802759708,32.07932050665295,125.10474189335639,3043.1807470686927
7.166666666627862,11.53976295698834,21.813772987563674,33.32406982963017,130.23275149698551,3100.8738004379043
7.250000000058208,12.104413079954377,22.664602560572547,34.62960544008293,135.43507041955485,3154.1616701423513
7.333333333313931,12.677237665724707,23.53784044779723,36.01568370273364,140.71486314814297,3204.1240451193435
7.416666666744277,13.262507083002339,24.446440216278024,37.50015631554163,146.05965644315654,3251.455893008335
7.5,13.861304994154546,25.3988210723301,39.09028489740322,151.45159541635627,3296.6116622616755
7.583333333255723,14.473815495568068,26.402260531029484,40.78750081815623,156.8888623492442,3339.97916176655
7.666666666686069,15.106760427229936,27.4742496002295,42.603739499389874,162.3904088258266,3381.9384444221455
7.749999999941792,15.759703566657993,28.619740875325782,44.53134020548826,167.99500579781753,3422.797370081733
7.833333333372138,16.42711185432309,29.833665673137915,46.54819250000875,173.77832606033567,3462.7974055022705
7.916666666627862,17.10992689971109,31.118367164201004,48.64319527889371,179.85884030470464,3502.34164330816
8.000000000058208,17.814670446179008,32.481777421222425,50.81536592494629,186.50910040423233,3541.8300666270907
8.08333333331393,18.548193219676335,33.928892325566,53.06321184411324,193.99555179153626,3581.622252027289
8.166666666744277,19.31645404070052,35.46010645378876,55.38295181745467,202.58842963861366,3622.053072552722
8.25,20.123133368979083,37.06974146442475,57.76644575361418,213.08103165385782,3662.9792215850935
8.333333333255723,20.97683631738102,38.75839720578887,60.217442153921894,226.84494820101085,3704.0799787424826
8.41666666668607,21.885058100485324,40.52448173458491,62.73898277559006,245.4688277843704,3745.0916364322193
8.499999999941792,22.85307686190695,42.363857174082554,65.33200947984213,269.9187020179628,3785.791336626393
8.583333333372138,23.884794132116447,44.27220864051773,67.9975937207861,299.68588801983657,3826.0971709935698
8.666666666627862,24.984776177974357,46.248988534064075,70.74148968193803,332.9318232844276,3865.870839729753
8.750000000058208,26.150639067839464,48.28620184372225,73.55863176244804,367.4862607581099,3905.069845048237
8.83333333331393,27.37903961947925,50.37758633501355,76.44524287627755,401.7514415248982,3943.926135121319
8.916666666744277,28.668541496343632,52.52234967666132,79.403656923903,434.8853641481551,3982.5189116083884
9.0,30.019141375716124,54.724125023993054,82.44137489633943,466.62382808905244,4020.8543603960734
9.083333333255723,31.435219883965605,56.99450335082507,85.57596123469183,497.00315854479544,4058.9037188111347
9.16666666668607,32.92478170619793,59.35132470633988,88.83330141036586,526.2538742778808,4096.650384983636
9.249999999941792,34.48481054250095,61.7962081372996,92.21829404934061,554.6837022695822,4134.210517496425
9.333333333372138,36.1132161017338,64.33206713883426,95.738369228733,582.6840261794678,4171.667282009323
9.416666666627862,37.804298699651866,66.9557989008488,99.39377251176785,610.7816175295802,4209.146177024547
9.500000000058208,39.554220793792915,69.66648647868823,103.18854173150831,639.611671055696,4246.861992697654
9.58333333331393,41.3655525863644,72.47187702638513,107.13873208224669,669.8153984815166,4284.661322280117
9.666666666744277,43.24306797726548,75.3825054024529,111.2647040302268,701.9920128283967,4322.262312409817
9.75,45.19150778200779,78.40858370809289,115.58680678315824,736.5968411897136,4359.460307576577
9.833333333255723,47.221611942703845,81.56934503464947,120.13749038827854,773.9188307928302,4396.115711089013
9.91666666668607,49.33570932056915,84.87192280762319,124.93312637722872,814.0263157458111,4432.4704287038585
9.999999999941792,51.54085319397538,88.33094506200501,129.99920470198745,856.7361256545837,4468.805776128635
10.083333333372138,53.84406252532908,91.96119137381598,135.35970483212898,901.6352317787616,4505.472010541783
10.166666666627862,56.252545392361895,95.77828512465473,141.03749521755998,948.1383031587557,4543.067334930609
10.250000000058208,58.78318058714068,99.8119328419375,147.07039910442305,995.5105082388873,4581.877741867511
10.33333333331393,61.462704239784614,104.10628987787965,153.51125719833365,1043.0294802247597,4622.092479335919
10.416666666744277,64.30877532120292,108.69200641941032,160.3916023843433,1090.0484727296066,4663.87029890373
10.5,67.34022949176801,113.60105263944344,167.7482817624661,1136.1113500397596,4707.349413642216
10.583333333255723,70.57685281598293,118.86528954384461,175.65201650952426,1181.0508399975697,4752.632635965938
10.66666666668607,74.04861950718139,124.52984958580983,184.30978001342456,1224.965200591342,4799.681512506474
10.749999999941792,77.78114876592879,130.63125097636396,194.21878758238591,1268.0946436152199,4848.482759684883
10.833333333372138,81.799267290068,137.20250158833608,206.3549635537689,1310.7921455361422,4899.260275450388
10.916666666627862,86.1457511983711,144.29802355586796,221.2114779623812,1353.4291427972357,4952.061376024038
11.000000000058208,90.87710074929593,151.98843934052442,238.86549019826396,1396.3927928389785,5006.803646410814
11.08333333331393,96.08046313038926,160.382426562696,259.07548787588837,1440.0831046200858,5063.909962746914
11.166666666744277,101.86164337842388,169.6113989990846,281.3772413987716,1484.8935854086687,5124.149668459638
11.25,108.36369773558935,179.8531791593654,305.3613206467795,1531.2223478124001,5188.300312458901
11.333333333255723,115.74027568172338,191.30368258855464,330.8366935446502,1579.4752464605904,5257.064334260551
11.41666666668607,124.28744639746316,204.3790399997575,358.122415157379,1630.1759771009652,5330.956171970392
11.499999999941792,134.34293303692328,219.64319822130562,387.84589955948695,1683.9312033338265,5410.6367975173625
11.583333333372138,146.73648542228355,238.54792121902153,421.62190531559753,1741.670348977514,5497.01918661752
11.666666666627862,162.37637668023328,263.0515230409191,461.28259082116074,1804.3822012875762,5590.90094323909
11.750000000058208,185.2649680887513,298.88112996739096,513.7987537153582,1874.257812646961,5694.450211825259
11.83333333331393,219.9075770508718,352.10326747325814,586.87480531933,1953.7600634235437,5810.247027574044
11.916666666744277,266.51907528856225,422.8410888700471,680.9581018043058,2053.5547590112005,5946.956906633436
12.0,325.0043242873406,510.63944978452844,795.9103989488611,2185.5106851532546,6114.477121407301
12.083333333255723,385.72788820668677,602.2421889301152,915.7611910992559,2350.4814705015215,6313.884942446453
12.16666666668607,435.4163296269222,679.742543089497,1018.7867307008207,2549.2638829880148,6546.495296051277
12.249999999941792,468.1856384786288,735.3851575384568,1095.8283559669624,2758.2926492454276,6794.497566858119
12.333333333372138,480.9901465863868,765.4711534255574,1142.8379987883627,2945.2102774091186,7033.389165006783
12.416666666627862,476.66450707448973,774.4142501084336,1166.0400198575956,3098.6707735089967,7254.075660337187
12.500000000058208,459.4880985010602,768.8603803619412,1174.6682696497037,3215.495304091911,7453.593790898085
12.58333333331393,432.96356133586795,754.793561587126,1177.0658500307175,3306.990078195321,7641.806146324515
12.666666666744277,406.3673460732981,746.0764646867801,1190.5697470838297,3387.2156722264117,7832.162452837208
12.75,385.0115593951422,751.5591373121174,1224.9186574227451,3467.1214932943735,8036.027917500557
12.833333333255723,371.2016460165942,775.6731103913462,1283.1209886972476,3571.684402622857,8274.993349066826
12.91666666668607,368.8891340853048,821.5183336548843,1366.3718301946187,3714.856640441107,8560.710252751467
12.999999999941792,381.90749641438356,886.9234297585258,1470.829899655399,3901.3539975994977,8897.1574174535
13.083333333372138,415.7984673986899,969.075379925586,1594.7357718706003,4135.942140144794,9286.739700319593
13.166666666627862,471.2680187288688,1062.6199211400888,1736.4723012737918,4417.915832690026,9726.08103026838
13.250000000058208,542.7516360728506,1163.5991944913505,1898.111174855231,4749.787226993327,10214.623543932985
13.33333333331393,620.8090659816158,1271.6640813013867,2084.880189474536,5130.415209239581,10749.682254788331
13.416666666744277,697.2972284928093,1391.2475545452116,2302.291170777483,5556.9582131573,11328.908820384633
13.5,768.5889185537449,1530.3638098725291,2551.742945871306,6025.450210631395,11949.408524344268
13.583333333255723,836.4214544303185,1697.1244018240418,2828.330407374533,6533.246330612422,12607.677493733388
13.66666666668607,907.2019091157676,1894.2792425085759,3122.735210462889,7081.0511456052855,13297.869074755961
13.749999999941792,990.7516188173673,2115.897818289965,3427.3151554519045,7672.696942837241,14010.628409911382
13.833333333372138,1097.2291635935512,2349.816743233493,3741.9938162825847,8310.861219262342,14732.16061206598
13.916666666627862,1231.5478352247464,2585.3793170727977,4075.8455504089907,8992.029508646581,15445.021282497923
14.000000000058208,1388.2330519408067,2820.7941784918867,4442.470597142849,9703.53010670037,16129.40866931829
14.08333333331393,1553.1779980233314,3065.4506042573535,4851.313546502245,10424.711592883512,16765.071314261077
14.166666666744277,1712.6196190453131,3335.582841123396,5299.4606340130285,11130.424602659154,17332.33625898591
14.25,1861.9699193837296,3645.2544346037557,5770.020136127312,11794.91361890395,17813.601992785505
14.333333333255723,2008.5230377072587,3996.627140994617,6238.189622520095,12394.186476073724,18195.114542130043
14.41666666668607,2168.763918565571,4375.932838060229,6680.170864398893,12907.682282900325,18468.737022492394
14.499999999941792,2362.0171254124953,4758.8058317804125,7078.591683955649,13319.609993721835,18632.792499601394
14.583333333372138,2600.7278222798905,5120.780190984256,7422.469235433212,13620.352400667834,18692.052616398647
14.666666666627862,2880.9330315952157,5445.1105063874675,7704.849736604083,13807.43038762206,18656.198426221366
14.750000000058208,3180.9381992035737,5723.9222957985185,7921.217307269732,13885.238162365587,18538.07614997654
14.83333333331393,3471.6818947632382,5954.596227656011,8069.174651105379,13863.979273325718,18352.069365038078
14.916666666744277,3730.8278113311844,6136.161694892328,8149.286782389851,13758.043680613126,18112.442361585738
15.0,3949.0956734025244,6267.692686311424,8165.541344198962,13583.612884919039,17832.42307332165
15.083333333255723,4127.348699174976,6348.841905864943,8125.172615480153,13356.986216285755,17523.66404039705
15.16666666668607,4270.098694803909,6380.968963134783,8037.629891805264,13093.068438004068,17195.678868420324
15.249999999941792,4380.8137565983325,6367.855372932057,7913.2860190594265,12804.629018399824,16856.52736178437
15.333333333372138,4460.554859756293,6315.523334101478,7762.217350991803,12501.96338080012,16512.53674376304
15.416666666627862,4509.035007769382,6231.449392990456,7593.396647881089,12193.029712832955,16168.42881200339
15.500000000058208,4526.344720141984,6123.515532127856,7414.23001290053,11883.64782776918,15827.56130233506
15.58333333331393,4514.178937919264,5999.155751558879,7230.487325128666,11577.864568485713,15492.032938186774
15.666666666744277,4476.05011306011,5864.746158396961,7046.363808178578,11278.243144649978,15163.106770555542
15.75,4416.791191107164,5725.3642868961315,6864.714062219931,10986.213321444831,14841.339139055479
15.833333333255723,4341.733965053654,5584.7627019426145,6687.28931860901,10702.329104883578,14526.60420839193
15.91666666668607,4255.975271229055,5445.517822768386,6515.0049221268,10426.601548788767,14218.62544515924
15.999999999941792,4163.891805754583,5309.245433326859,6348.181536199361,10158.67694077471,13917.019847310952
16.08333333337214,4068.9170574966174,5176.818282668715,6186.73734671858,9898.0060650403,13621.217594187528
16.16666666662786,3973.519893069596,5048.558841147845,6030.331973378615,9643.946204038242,13330.639573469067
16.250000000058208,3879.3509547974277,4924.459282775474,5878.543045194932,9395.924019673303,13044.800629717616
16.33333333331393,3787.3942442816897,4804.3031139922905,5730.928807627174,9153.4792438116,12763.309381960084
16.416666666744277,3698.1408604786857,4687.7724327368705,5587.0834334589945,8916.239037646215,12486.236163699748
16.5,3611.73510104975,4574.510948844151,5446.650535445227,8683.88587024686,12213.800157940646
16.583333333255723,3528.109402485231,4464.182271574459,5309.344955699959,8456.212793755845,11946.21332778619
16.66666666668607,3447.0832585363796,4356.498749687307,5174.953027106986,8233.08600286225,11683.709855135387
16.749999999941792,3368.423558146724,4251.220640495382,5043.310029160958,8014.427923451141,11426.326528171157
16.83333333337214,3291.877138013926,4148.140116972567,4914.2701024757425,7800.153645571228,11174.11392834459
16.91666666662786,3217.2213672901876,4047.1085557355927,4787.7370927349575,7590.190351973754,10927.119920397114
17.000000000058208,3144.2650716107955,3948.014646926452,4663.6397289963015,7384.478347834214,10685.233787826592
17.08333333331393,3072.8427025942706,3850.7655675518818,4541.912994932345,7182.959582078249,10448.553084819909
17.166666666744277,3002.8099891556826,3755.277845478729,4422.492339997589,6985.586140200624,10217.241573217332
17.25,2934.0465110577384,3661.4815867873144,4305.324334953989,6792.385019079964,9991.548111483373
17.333333333255723,2866.4544739386774,3569.3215929553826,4190.372948153661,6603.430388872879,9771.767119360533
17.41666666668607,2799.9605572615737,3478.7631572413266,4077.6305074846537,6418.858467098309,9558.188797604369
17.499999999941792,2734.503536979642,3389.779243019024,3967.1041982041693,6238.849059542432,9351.11245954578
17.58333333337214,2670.045307484426,3302.36822198154,3858.83799014527,6063.597173988082,9150.770380131702
17.66666666662786,2606.562213943433,3216.5451681208096,3752.899846036436,5893.297705642511,8957.289221685365
17.750000000058208,2544.048647394357,3132.3483810281587,3649.3857051120667,5728.1672613951305,8770.744519164282
17.83333333331393,2482.5149962871283,3049.837293073109,3548.411743533769,5568.398520728228,8591.166532806224
17.916666666744277,2421.9785011473323,2969.079706459392,3450.0934134592235,5414.132911891289,8418.49396666588
18.0,2362.4603988657764,2890.145999707012,3354.533850170357,5265.427981698326,8252.57816389801
18.083333333255723,2304.000613585264,2813.1252759937356,3261.840589347409,5122.292102931254,8093.266923276848
18.16666666668607,2246.6519017261558,2738.1137040046146,3172.1098098145944,4984.702956072166,7940.418927784407
18.249999999941792,2190.4667885728836,2665.193350270036,3085.4008965863527,4852.565272724875,7793.826208336719
18.33333333337214,2135.4922999485516,2594.422313989827,3001.7271261735555,4725.700416823737,7653.222786529552
18.41666666662786,2081.7846206750173,2525.852984020451,2921.082843808031,4603.947305864811,7518.336404056239
18.500000000058208,2029.40165126612,2459.523260239667,2843.4385113951084,4487.141660894093,7388.901058815162
18.58333333331393,1978.398878248589,2395.453672408003,2768.7429728460875,4375.089132377285,7264.662804856705
18.666666666744277,1928.8192339129557,2333.637568235901,2696.9164107405427,4267.564207069246,7145.360606126792
18.75,1880.6882196110303,2274.0387865570115,2627.8512633209807,4164.313161185146,7030.731269511507
18.833333333255723,1834.0201840951509,2216.604199708554,2561.4299509386115,4065.091765725292,6920.53226256236
18.91666666668607,1788.8267994623604,2161.278945317949,2497.544423836812,3969.6848327935795,6814.37026066628
18.999999999941792,1745.1083706392203,2107.9984790763383,2436.0859466916454,3877.87308161354,6711.875157843147
19.08333333337214,1702.8569330779826,2056.6951902022915,2376.951761386466,3789.4644577831505,6612.684946433497
19.16666666662786,1662.0505979425964,2007.2923922688274,2320.0356447354197,3704.2761021700358,6516.399153786946
19.250000000058208,1622.649394656554,1959.6991626626348,2265.2193182925134,3622.1384845279777,6423.093812358711
19.33333333331393,1584.6069565423168,1913.8250648182725,2212.388460505713,3542.9036622915874,6333.045420302579
19.416666666744277,1547.8767639092919,1869.5870990043504,2161.439686229724,3466.429589613193,6246.457996037593
19.5,1512.40620984303,1826.9003908783181,2112.2682172900068,3392.574843018036,6163.4719300898505
19.583333333255723,1478.1513318404134,1785.6960983291135,2064.789599957211,3321.2200873694273,6084.079499999016
19.66666666668607,1445.0679138811151,1745.9085221104922,2018.9241279742926,3252.252975137456,6008.314560201488
19.749999999941792,1413.1109991552942,1707.4736369370944,1974.5955557396708,3185.581723205935,5936.083842911997
19.83333333337214,1382.2369234645705,1670.3312799716755,1931.7343016060931,3121.124277469294,5867.002211950956
19.91666666662786,1352.399260900352,1634.4195863810871,1890.27090816387,3058.796417263236,5800.799945154178
20.000000000058208,1323.5538383810756,1599.6814918444143,1850.143972269928,2998.5128798089477,5737.224874565177
20.08333333331393,1295.6536197887854,1566.0580097056438,1811.2915274926563,2940.1851554476175,5676.082919457235
20.166666666744277,1268.6434796350732,1533.4814254610972,1773.6421051589875,2883.723663861077,5617.183851243363
20.25,1242.4830518486851,1501.905400743858,1737.150960527861,2829.0587149978046,5560.322305475752
20.333333333255723,1217.1413542663945,1471.2978806139483,1701.7905691429603,2776.1175625909823,5505.331243687769
20.41666666668607,1192.5818558156532,1441.621221729769,1667.5254186437128,2724.8541291208358,5452.069717943891
20.499999999941792,1168.762410113576,1412.8315974713685,1634.3105418041819,2675.2351188155276,5400.428642655404
20.58333333337214,1145.644953546531,1384.8910494617346,1602.1057892949643,2627.214755904696,5350.305819803482
20.66666666662786,1123.2007319851393,1357.7736102225888,1570.8831367490268,2580.7415509937946,5301.590159061279
20.750000000058208,1101.4040181555401,1331.4563625726423,1540.615817524385,2535.752024916253,5254.195625924676
20.83333333331393,1080.2235232001165,1305.9075754444652,1511.2641093518318,2492.184311604042,5208.062713407596
20.916666666744277,1059.6385478212837,1281.1074797493625,1482.8013341689732,2449.9783769256996,5163.11217378588
21.0,1039.6366041156773,1257.0448438658107,1455.210259804081,2409.0553333585804,5119.231345603871
21.083333333255723,1020.2035524215389,1233.7039105151928,1428.4677296646355,2369.3696273399005,5076.328082400517
21.16666666668607,1001.3240327910464,1211.0650975033625,1402.5461801356948,2330.8964803531326,5034.335154997298
21.249999999941792,982.9817449723668,1189.10572879461,1377.4151111761469,2293.6007166473564,4993.14978177086
21.33333333337214,965.1595096795188,1167.8006412168506,1353.0422241322035,2257.437613761045,4952.650403714699
21.41666666662786,947.8466184394529,1147.1324217845952,1329.4061165117453,2222.3806910748435,4912.745191342831
21.500000000058208,931.0326921600769,1127.0838619398835,1306.4868793124133,2188.4190851893154,4873.380672245823
21.58333333331393,914.6982638760984,1107.626002708846,1284.251089778418,2155.538163049186,4834.537259068185
21.666666666744277,898.8193858300292,1088.7245156238098,1262.659238775353,2123.7038113384397,4796.201281856666
21.75,883.3815928008908,1070.3583166191636,1241.6881937955266,2092.864198801236,4758.365456913643
21.833333333255723,868.3747147066124,1052.5129220755916,1221.3227193607581,2062.9685316217037,4721.036388419104
21.91666666668607,853.7938700153453,1035.1817691673612,1201.5568157869593,2033.9671233847548,4684.232840545872
21.999999999941792,839.6328550131609,1018.3573818846753,1182.3826970542277,2005.8011979444059,4647.990589574576
22.08333333337214,825.8753015869091,1002.0195326630036,1163.7762486404881,1978.4379168029118,4612.335514818445
22.16666666662786,812.5035427668469,986.1467010640747,1145.7112318581094,1951.848973360557,4577.274279845252
22.250000000058208,799.5054898033549,970.7249801270736,1128.170417293079,1926.0038934339484,4542.841607653396
22.33333333331393,786.8710946053212,955.7433040793699,1111.1398727752946,1900.8798749261225,4509.109148452595
22.416666666744277,774.5875658265724,941.1869804016942,1094.6010688546583,1876.4517701377652,4476.143912226025
22.5,762.634613395325,927.0312154597203,1078.5229323047297,1852.690065040566,4443.996601211476
22.583333333255723,750.9996391213921,913.2608943616309,1062.8861686087935,1829.5829410119863,4412.751225901174
22.66666666668607,739.6776767724557,899.8704525717071,1047.6832417459077,1807.1232106818225,4382.522461984505
22.749999999941792,728.6630635785629,886.8530013099228,1032.905190015003,1785.2646199244732,4353.382820443656
22.83333333337214,717.9474529068972,874.1978184821995,1018.5386451325666,1763.94108067051,4325.363779691571
22.91666666662786,707.5157120762808,861.8850270668364,1004.5593136985283,1743.121546016424,4298.490890794295
23.000000000058208,697.3509521941822,849.8922317159687,990.9400787992964,1722.7938470265972,4272.785083994405
23.08333333331393,687.4421248637071,838.2045377492503,977.6632524556622,1702.9657504602694,4248.258381706362
23.166666666744277,677.7812545607443,826.8110127516228,964.7162189232873,1683.6381469680762,4224.892092472272
23.25,668.3637386768746,815.7052451003909,952.0921124054721,1664.7851616889548,4202.6382965759185
23.333333333255723,659.1799597866964,804.8745224415047,939.7765056313906,1646.386385029598,4181.439672351407
23.41666666668607,650.2255276313488,794.3134617803505,927.7640556345838,1628.4348853802646,4161.236095331998
23.499999999941792,641.5051710249709,784.0292372527869,916.064817877524,1610.9268126952447,4141.976458184895
23.58333333337214,633.0103286377479,774.012184967051,904.6681011293288,1593.850643503969,4123.596563519477
23.66666666662786,624.7216828327905,764.239100050088,893.5464890906807,1577.1724820920872,4106.011995686708
23.750000000058208,616.628802978608,754.6989416143114,882.687421030646,1560.8775370116214,4089.1652377745586
23.83333333331393,608.7277444905119,745.3895129700883,872.0891927277034,1544.9711669515912,4073.033129747362
23.916666666744277,601.0154159945351,736.3098079712468,861.7516050206809,1529.459905510448,4057.772479111555
24.0,593.4812907189995,727.4487736396575,851.6621578199081,1514.3412701849388,4043.5447027461464
24.083333333255723,586.0600271583073,718.7227081022003,841.7192343945391,1499.4069550951033,4029.5912756792577
24.16666666668607,578.6886280345702,710.0500765832101,831.823948190739,1484.4233616256768,4015.116448128649
24.249999999941792,571.3009489397409,701.3442743851643,821.8713931847127,1469.1707980860933,3998.873140891166
24.33333333337214,563.8149415300292,692.4970665119557,811.7304011921354,1453.3984245104239,3979.2441927836335
24.41666666662786,556.2832855822656,683.5766952357469,801.4864567330784,1437.2912211728794,3956.8407244340106
24.500000000058208,548.8089044586416,674.7170905741868,791.3054263773433,1421.1773635016493,3933.0763339654377
24.58333333331393,541.4769053589578,666.0284917758252,781.3234394507704,1405.3163344379643,3909.176735220743
24.666666666744277,534.3613587573635,657.6062647562392,771.6573309215069,1389.9392600978438,3886.1462424848432
24.75,527.485840814249,649.4790401911162,762.3409309401087,1375.1007297163947,3864.2093027173532
24.833333333255723,520.882821259321,641.6868498406113,753.4211773757934,1360.8717593060694,3843.9612856334493
24.91666666668607,514.5625701899716,634.2406036554959,744.9088656993874,1347.257981678966,3825.5062312517466
24.999999999941792,508.4584897400193,627.0506305766818,736.6914055791971,1334.0196114205612,3807.665777033112
25.08333333337214,502.53675668594747,620.0708357342191,728.709882921003,1321.0344526033944,3789.7798603614765
25.16666666662786,496.763330627777,613.2552505600695,720.9058334542634,1308.1852667021635,3771.2159849964273
25.250000000058208,491.11623863274866,606.5739695837152,713.2410106989768,1295.4015093261996,3751.6027050481352
25.33333333331393,485.57538042194415,599.9998226407151,705.6815623418447,1282.6310600650736,3730.6201130855993
25.416666666744277,480.11659173188406,593.5010577810734,698.1896909422031,1269.8216388128585,3707.9018260907196
25.5,474.72310113688684,587.0570274507106,690.7431422290418,1256.9543706568395,3683.2058722620736
25.583333333255723,469.3815571746248,580.6532330838203,683.3285781920217,1244.022132961718,3656.329264267706
25.66666666668607,464.0821823835675,574.2810427464691,675.9399669209957,1231.0193666399928,3627.111768137152
25.749999999941792,458.82066230388193,567.9390563477906,668.5787969479692,1217.9394144221237,3595.4812613500203
25.83333333337214,453.598475909788,561.632294349419,661.2520101819497,1204.7728557723865,3561.4682035585633
25.91666666662786,448.42103856276805,555.3688868474685,653.9675752148514,1191.504075038626,3525.176737271312
26.000000000058208,443.2961025503138,549.1577963153966,646.732022251714,1178.113210149243,3486.763334375807
26.08333333331393,438.2316752214474,543.0063819603134,639.5482389100384,1164.5789104447874,3446.4056561208554
26.166666666744277,433.23638620967273,536.9186246444443,632.4142250185051,1150.8816540234654,3404.2695308632055
26.25,428.3160005810049,530.8952379406877,625.3241175589758,1137.0107655167135,3360.48731096644
26.333333333255723,423.47348443459947,524.933226220939,618.2684967704083,1122.9689829647791,3315.1280482592197
26.41666666668607,418.7086411121738,519.0260217341178,611.2354032307333,1108.7750888689834,3268.183879499837
26.499999999941792,414.018130438022,513.1643676412125,604.2121309988654,1094.4627594335336,3219.585348894232
26.58333333337214,409.3958225981582,507.3375468885559,597.1870363835404,1080.0755345705459,3169.238817902702
26.66666666662786,404.8334476327542,501.5345776893908,590.1507874542242,1065.660801265156,3117.0697429419165
26.750000000058208,400.32109502076725,495.7447535748126,583.0964947481089,1051.2643019065483,3063.042864893978
26.83333333331393,395.84728039438676,489.9574449698383,576.0189544627206,1036.9253622633214,3007.1705426907643
26.916666666744277,391.4013145236072,484.1650700164573,568.9179448210917,1022.681988350355,2949.544954905814
27.0,386.9726213552812,478.3622097517218,561.7968124001212,1008.5659851434219,2890.311608871569
27.083333333255723,382.5514780675107,472.5464252093026,554.6629425724325,994.6013376383842,2829.658756307602
27.16666666668607,378.13002976866346,466.7189682991487,547.5278801129014,980.8023031708395,2767.805581521925
27.249999999941792,373.7032534510016,460.88500963664376,540.4068687331484,967.1716850077223,2704.9895226709373
27.33333333337214,369.2695040813419,455.0532797256458,533.3179311499977,953.6996062032736,2641.4537401872335
27.41666666662786,364.83050355859046,449.2353214180974,526.2807798854844,940.3629428010511,2577.436403885808
27.500000000058208,360.39089950555854,443.44463534037624,519.3157555184162,927.125663640486,2513.163052502172
27.58333333331393,355.95762554184347,437.6958790176859,512.4428104625838,913.9404907583089,2448.8421378661915
27.666666666744277,351.5392359996019,432.0041227759542,505.6804733433537,900.7522214066258,2384.662995559225
27.75,347.1452862552868,426.38409427036356,499.0447693956296,887.5026329819914,2320.7954002430743
27.833333333255723,342.7857753107898,420.84944689764404,492.5481526759088,874.1363279551767,2257.3902968408934
27.91666666668607,338.47066377985703,415.41232288003476,486.1985476237027,860.606495645097,2194.581658225919
27.999999999941792,334.2094843257524,410.08474632030135,479.99858810664887,846.879569768576,2132.4894041500493
28.08333333337214,330.0110417415278,404.87415256396196,473.9451166108974,832.9381000653855,2071.2230204175944
28.16666666662786,325.88316567160376,399.7849342751198,468.028994458975,818.7816276948789,2010.8852368042303
28.250000000058208,321.83246329082607,394.8178976664466,462.2352710905997,804.4257569799696,1951.575032045685
28.33333333331393,317.8640416303308,389.969955918424,456.5437426076222,789.8998563360213,1893.3893670036082
28.416666666744277,313.9812167564759,385.2340216744464,450.92988657741523,775.2439049523315,1836.4233401018996
28.5,310.1852667411192,380.5991402158003,445.36610616996256,760.5049768439461,1780.7688156200236
28.583333333255723,306.4752919697793,376.0508683107396,439.82317424792535,745.7337667470606,1726.5118938577484
28.66666666668607,302.8482189785481,371.57185856694736,434.2717524554582,730.9814478892904,1673.7297874510489
28.749999999941792,299.2989418490504,367.14258975650085,428.68379343510935,716.2970365681515,1622.487701867638
28.83333333337214,295.82056084322016,362.74219024609005,423.0338643164382,701.7253414193267,1572.8362136323055
28.91666666662786,292.4046646819191,358.3493191102842,417.3028983455416,687.305504697562,1524.8094645984136
29.000000000058208,289.04161141874613,353.9430821921327,411.47580559301434,673.0700978901743,1478.4243165261373
29.08333333331393,285.72078493841826,349.50396011045336,405.5431420744768,659.0447088434594,1433.6804780197695
29.166666666744277,282.4308284894439,345.01471233338,399.5015665223097,645.2479466822072,1390.5615254474965
29.25,279.1598748516052,340.4612027119939,393.35377547406233,631.6917906737807,1349.0366698603457
29.333333333255723,275.895800764399,335.83307695953323,387.10801533540075,618.3822172000702,1309.063061021272
29.41666666668607,272.62653006092916,331.12422051872375,380.77726159131527,605.3200505482508,1270.5883775746056
29.499999999941792,269.34039637663454,326.3329413214881,374.37817175095824,592.5019912099453,1233.5534495990978
29.58333333337214,266.0265557509072,321.4618548265671,367.9299355963376,579.9217735966818,1197.8947047210697
29.66666666662786,262.6754182817395,316.51749029194224,361.45314179757236,567.5713923579398,1163.5463069059674
29.750000000058208,259.27905259864804,311.5096758332283,354.96875707478415,555.4423174258121,1130.441938494615
29.83333333331393,255.83151484909806,306.45078514935847,348.4972800996569,543.5266006092872,1098.5162361957255
29.916666666744277,252.32908809577356,301.35493563665375,342.0580957097841,531.8177699132209,1067.7059179664088
30.0,248.77041414010313,296.2372171404771,335.66902395457333,520.3114191306194,1037.9506525103884
30.083333333255723,245.15618645606696,291.1130089610333,329.3460383423344,509.00543324617877,1009.1936987353089
30.16666666668607,241.490779206799,285.9974172954158,323.10311894444783,497.89984254791943,981.3823417988916
30.249999999941792,237.7787909359746,280.9048415736683,316.95220555571825,486.99636050121,954.4681397309533
30.33333333337214,234.02630399658193,275.8486594707661,310.90322039416134,476.2977161778031,928.4069891935413
30.41666666662786,230.24058514918275,270.8410093782536,304.96413687452196,465.80692369117116,903.1590197702042
30.500000000058208,226.42980540312547,265.89265455428927,299.14107926545364,455.5266279894254,878.6883242267274
30.58333333331393,222.60280991717812,261.01293589009737,293.4384451301278,445.45863044705453,854.9625304503495
30.666666666744277,218.7689194247123,256.2097446065611,287.8590461742141,435.6036422057002,831.9522369399335
30.75,214.9377429321034,251.48921567313636,282.4042632610094,425.96125625092856,809.6303785895304
30.833333333255723,211.118988511572,246.85825234708875,277.0742096865925,416.53008671118437,787.9716334426806
30.91666666668607,207.32226111030428,242.32027206752008,271.8678981642688,407.3080043042645,766.951968020631
30.999999999941792,203.55683828545244,237.87730210901034,266.7834172525297,398.29239916327015,746.5483361376957
31.08333333337214,199.83142091664934,233.5300469660483,261.8181218320716,389.48041977143515,726.738460748314
31.16666666662786,196.1538652097703,229.2779431104298,256.9687731107219,380.8691655835237,707.500620719482
31.250000000058208,192.5309133203035,225.11926977905503,252.2319029589483,372.4557094600286,688.8134361827849
31.33333333331393,188.96795299905318,221.05133935635422,247.60472875480733,364.2368949507152,670.6557237929176
31.416666666744277,185.46884793283505,217.07075555495686,243.08455468554016,356.2130469696696,653.0065135671764
31.5,182.03587975196132,213.17370549430834,238.66760545605536,348.38255811977626,635.8452801661177
31.583333333255723,178.66982968821657,209.35625428177002,234.35043889312985,340.74345217369853,619.1523774627952
31.66666666668607,175.37020441136912,205.61461707304304,230.12981168634505,333.29371234116434,602.909604447831
31.749999999941792,172.13557898632465,201.94538130872513,226.00259646665666,326.03130764369394,587.1007867765101
31.83333333337214,168.96399898387165,198.3456488109621,221.96570331570078,318.954095983324,571.7122403855611
31.91666666662786,165.85336762162297,194.81307419562773,218.01600437573885,312.0597294878246,556.7329984042124
32.00000000005821,162.8017522798945,191.34579449838134,214.15026444588608,305.34558912276407,542.1547297806171
32.08333333331393,159.80757495950064,187.94226984920266,210.3650910703672,298.80874871588117,527.9713464020473
32.16666666674428,156.86968561828598,184.60107876237663,206.65692145825528,292.44596210714633,514.1783652341829
32.25,153.98730773100152,181.32072608559616,203.0220487103615,286.25366562367117,500.7721423721254
32.33333333325572,151.15970532272434,178.09951967004065,199.4566670780006,280.2279906158704,487.7491133714125
32.41666666668607,148.3848563256529,174.93555003296552,195.95690246043728,274.36478428560304,475.1051572472263
32.49999999994179,145.6566860953348,171.82677042007677,192.51879875739525,268.65963365223524,462.83515969833866
32.58333333337214,142.96126982168613,168.7711366776045,189.1382517437318,263.1079320925996,450.9328000463494
32.66666666662786,140.27146520115107,165.76674476547333,185.81091200608,257.7050850021885,439.3905411858803
32.75000000005821,137.54659715537508,162.8119095818575,182.53210558188675,252.4462497162643,428.19977221786405
32.83333333331393,134.80059352642382,159.9051586097339,179.29683252860207,247.32851043149998,417.35104189586724
32.91666666674428,132.06833772130253,157.04514922679058,176.09989053250945,242.34670182016788,406.8343238399387
33.0,129.373097728726,154.23051588291153,172.93613347268206,237.49573765166906,396.639264667602
33.08333333325572,126.72940696610914,151.4595466449914,169.80082740121017,232.77051257375402,386.75537969451045
33.16666666668607,124.14555006421017,148.72905451751853,166.69003059122565,228.16579115127143,377.17218524448083
33.24999999994179,121.62545309809059,146.0317437394946,163.6009156923147,223.67611436591181,367.87930266949377
33.33333333337214,119.16994647096823,143.35200730364122,160.53196669871153,219.29573015311254,358.866604683786
33.41666666662786,116.77744893389533,140.66093116138697,157.48300207187563,215.01855108866727,350.1244174431856
33.50000000005821,114.44409392064688,137.91159437327013,154.45496000754088,210.8381406494197,341.64640139245563
33.58333333331393,112.16322654617977,135.10182710231737,151.4490928871,206.74773892246566,333.42287843840353
33.66666666674428,109.92419133702758,132.2641809319163,148.46461165985687,202.7403461802138,325.4448670173969
33.75,107.71152395952578,129.42102611316005,145.49442745454218,198.80886874151204,317.70391510175773
33.83333333325572,105.50612265293,126.58724695167982,142.5191527078755,194.94630580355633,310.19200099343414
33.91666666668607,103.28855260618539,123.77272767279192,139.49921097110376,191.14594123127443,302.9014704393872
33.99999999994179,101.04299997937382,120.98411009256483,136.3923420936427,187.4015113529731,295.8249892420545
34.08333333337214,98.76011132755592,118.22559343709145,133.2406004103047,183.70734169374714,288.9555004098755
34.16666666662786,96.43785915447734,115.49863636452868,130.0852373000035,180.05846558472234,282.2861784259337
34.25000000005821,94.080650294384,112.80040160771499,126.954978566059,176.45074134445528,275.81039090860696
34.33333333331393,91.69746025824132,110.1221960539823,123.86872844738411,172.88097065619812,269.52170767450366
34.41666666674428,89.29978028318267,107.45026750746104,120.83788854780798,169.34700202483575,263.41387980328483
34.5,86.89987413441658,104.76966080047106,117.86771627820497,165.84779099199076,257.4804384260168
34.58333333325572,84.50952540401768,102.06928162715596,114.95734386251361,162.3833703261095,251.71782050610003
34.66666666668607,82.13924436430483,99.345549239392,112.09859539295209,158.95468912911198,246.11992297900053
34.74999999994179,79.7978322563767,96.60321837928414,109.27583405208667,155.56321118937268,240.68060043413584
34.83333333337214,77.49219104702829,93.85363593894786,106.4689385664835,152.20966197049597,235.39357536956976
34.91666666662786,75.22729966399703,91.11167495029817,103.65878516508585,148.8908174030911,230.25229569302036
35.00000000005821,73.00630987080075,88.39263245257676,100.83255735625171,145.59379987211605,225.24982021294545
35.08333333331393,70.83073489258672,85.70991892973842,97.98653741775976,142.2886447629375,220.3787724462412
35.16666666674428,68.70071068269465,83.07377562513247,95.12577368268747,138.91925745666276,215.63137918558428
35.25,66.61530810183486,80.4909075240002,92.26153349679588,135.44574651094968,210.99958287812058
35.33333333325572,64.57287004688213,77.96474512536838,89.40797911049516,131.92724919473594,206.47519894032263
35.41666666668607,62.571345051351656,75.49604657476067,86.5792329533756,128.40771832383803,202.05009374521734
35.49999999994179,60.60859021447064,73.08362122567516,83.78740331059379,124.91676143660189,197.71636425354376
35.58333333337214,58.68262163485336,70.72503803112257,81.04162977555134,121.4718734114578,193.4665012043165
35.66666666662786,56.79179862473339,68.41724773814896,78.34793854832974,118.07964846306874,189.29352539359317
35.75000000005821,54.93493707528523,66.15708966655862,75.70960681904381,114.73512244973833,185.19110286072817
35.83333333331393,53.111355705012784,63.94167633468199,73.12777397084804,111.42191536371661,181.15365808987266
35.91666666674428,51.320865300624476,61.76865991660293,70.60211505951207,108.11640724644994,177.17650235558412
36.0,49.56371483747136,59.636389786275686,68.13146654875126,104.79555719746577,173.25597630016614
36.08333333325572,47.84050957924433,57.54397389104086,65.71434879025102,101.44473840108647,169.3895811645367
36.16666666668607,46.152115381747244,55.49125972375741,63.349363880834005,98.06208377352158,165.57605137547822
36.24999999994179,44.499561109007345,53.478753142702274,61.03546715352272,94.65824383199008,161.81530517915354
36.33333333337214,42.88394801473072,51.507494622427814,58.77212171450309,91.25275693427244,158.10817128820935
36.41666666662786,41.30637178114171,49.57891224185034,56.559352108703294,87.86913857544383,154.4554845722803
36.50000000005821,39.767860088866684,47.69466881296286,54.39771724202461,84.53049201514546,150.85534221239567
36.58333333331393,38.26932635001932,45.85651730544831,52.28822464962416,81.25654124790003,147.29757933897554
36.66666666674428,36.811538634498106,44.06617465887061,50.23220812356179,78.0622405201831,143.75605222483566
36.75,35.39510181202462,42.325219849684245,48.231188818063885,74.95763430545554,140.1792025034371
36.83333333325572,34.020450422688995,40.63501827962593,46.28673661068373,71.94849344373421,136.49766409404714
36.91666666668607,32.68784966351693,38.99667155952777,44.400344272176284,69.03729771893708,132.75719837925067
36.99999999994179,31.397402027945077,37.41098973557413,42.573322555149275,66.22425940802529,129.0165805920609
37.08333333337214,30.14905746134054,35.878481912983176,40.80672024407977,63.508211829489056,125.31482511736203
37.16666666662786,28.94262531631678,34.39936091999925,39.10126990235378,60.88728820411907,121.67460615190213
37.25000000005821,27.77778684007869,32.97355790719113,37.457357661936314,58.35938225130542,118.10408231131632
37.33333333331393,26.65410735192936,31.600743369840977,35.87501390470834,55.922418273747496,114.59705209795756
37.41666666674428,25.57104763770259,30.28035182033088,34.353920947692515,53.57447380522722,111.13468631843647
37.5,24.527974379436863,29.011608077486066,32.893433685119746,51.31380014919394,107.69157352561012
37.58333333325572,23.524169646383108,27.793553789135434,31.49260937273841,49.138781295898525,104.24465712835035
37.66666666668607,22.558839601263386,26.625073318793838,30.150243201775396,47.04786365444767,100.78098048228232
37.74999999994179,21.631122634741565,25.50491849955975,28.86490687546579,45.0394801398515,97.30109635094672
37.83333333337214,20.74009714660557,24.431732003251888,27.6349879818899,43.111983825603964,93.81773043774452
37.91666666662786,19.884789160678412,23.404069217042174,26.458728498058775,41.263599377801086,90.35140190277514
38.00000000005821,19.064179907452765,22.42041859262646,25.334261232720603,39.49239513535106,86.92527104157558
38.08333333331393,18.277213446937722,21.479220460787126,24.25964340839537,37.79627498905067,83.56090889222179
38.16666666674428,17.522804344172833,20.578884308080116,23.23288689749685,36.172986951177805,80.275702642904
38.25,16.79984535807748,19.71780450724552,22.251984870468256,34.62014421749785,77.08187956512847
38.33333333325572,16.10721506466649,18.89437448814655,21.314934796068787,33.13525430105901,73.98671849384804
38.41666666668607,15.443785309724985,18.10699933647785,20.41975786644693,31.7157521747013,70.9934325890258
38.49999999994179,14.80842837357871,17.35410681482056,19.56451501289249,30.359034051034115,68.10229319596155
38.58333333337214,14.20002373019134,16.634156814440928,18.747319741245434,29.06248926161935,65.31170933668261
38.66666666662786,13.617464292308684,15.94564926493235,17.96634805625942,27.82352853239202,62.619112796585625
38.75000000005821,13.059662051254186,15.287130550280589,17.219845767525225,26.639607700550123,60.02159814386382
38.83333333331393,12.52555304172252,14.65719850203405,16.506133480149845,25.50824653076198,57.51632799377764
38.91666666674428,12.014101586149494,14.054506061066647,15.823609574369193,24.427042748195905,55.10074439107743
39.0,11.52430379790087,13.477763717403022,15.170751471852762,23.393681716822826,52.772637328393174
39.08333333325572,11.055190345949896,12.925740851652938,14.546115474208607,22.40594237137445,50.53011957572135
39.16666666668607,10.60582850464869,12.39726611113832,13.94833544227717,21.46170008494317,48.371549216337634
39.24999999994179,10.175323529795778,11.891226958561205,13.376120564149442,20.558927148436723,46.29543136426557
39.33333333337214,9.76281941599078,11.406568531177676,12.828252436313626,19.69569147895344,44.300320702342155
39.41666666662786,9.367499100109068,10.942291944331487,12.303581656795764,18.870154084625284,42.38473794821597
39.50000000005821,8.98858418176444,10.497452165515545,11.801024102545522,18.08056571239269,40.547106667130876
39.58333333331393,8.625334234215753,10.071155574687626,11.319557036610174,17.325263006555033,38.78571207848069
39.66666666674428,8.277045778825745,9.662557314266454,10.858215164806808,16.602664418954742,37.098680438388584
39.75,7.943050993493281,9.270858518964701,10.416086737506772,15.911266040977134,35.483975879438404
39.83333333325572,7.622716221064268,8.8953035021677,9.992309770445825,15.24963747411189,33.93941087927138
39.91666666668607,7.315440338145027,8.53517696256532,9.586068439551683,14.616417817839999,32.462666476167904
39.99999999994179,7.020653038467557,8.18980126260827,9.196589688728203,14.010311827740793,31.051318683345066
40.08333333337214,6.737813078345851,7.85853381930205,8.82314007618271,13.43008627914975,29.702868080529328
40.16666666662786,6.466406525058355,7.54076463791489,8.465022873883633,12.874566559026691,28.41477015425224
40.25000000005821,6.205945042342465,7.235914010291005,8.121575425667068,12.342633498422376,27.184464541758672
40.33333333331393,5.955964240678249,6.9434303915145374,7.792166761975256,11.83322044865993,26.009401867156036
40.41666666674428,5.716022113731427,6.662788461562943,7.47619546290319,11.345310595650442,24.88706732367958
40.5,5.4856975762834255,6.393487372272432,7.173087755976713,10.877934498890436,23.815000545773305
40.58333333325572,5.26458911328359,6.135049174425925,6.8822958308319855,10.430167835208302,22.79081162839761
40.66666666668607,5.052313544424356,5.887017415130634,6.603296349742578,10.001129322797443,21.81219339141573
40.74999999994179,4.848504903987403,5.648955891965552,6.3355891308107,9.58997879883113,20.876930159376105
40.83333333337214,4.65281343175873,5.420447547726677,6.0786959796487885,9.195915424012,19.982903438800754
40.91666666662786,4.464904667661886,5.2010934880172135,5.8321596455156195,8.818175989470973,19.128094935104585
41.00000000005821,4.284458640469182,4.990512103398244,5.595542879049161,8.456033304973925,18.310587369409852
41.08333333331393,4.111169139525619,4.788338278241765,5.36842757079087,8.108794651789571,17.528563541959798
41.16666666674428,3.9447430578033824,4.594222669659011,5.150413952396059,7.7758002881966455,16.7803040532905
41.25,3.784899794676253,4.407831041707926,4.9411198455080285,7.456421999938977,16.06418404542603
41.33333333325572,3.6313707073799,4.228843642274591,4.740179946464741,7.150061691597942,15.37866927027583
41.41666666668607,3.4838986009625534,4.056954612311229,4.547245138039711,6.856150017629764,14.722311736637518
41.49999999994179,3.342237247352926,3.891871419224576,4.361981822048702,6.5741450536391675,14.093745134616302
41.58333333337214,3.2061509247288904,3.7333143078765882,4.184071268661196,6.303531009364731,13.491680189283343
41.66666666662786,3.0754139685612527,3.581015763672145,4.013208979458298,6.043816984929643,12.914900055219746
41.75000000005821,2.949810325725153,3.4347199824965493,3.849104061572029,5.794535771283559,12.36225583051812
41.83333333331393,2.829133103491622,3.2941823420326273,3.691478609692452,5.555242694548493,11.832662242473031
41.91666666674428,2.7131841069132965,3.1591688688080897,3.5400670917084516,5.325514502317002,11.325093536813467
42.0,2.6017733619891388,3.029455696118708,3.3946157330180844,5.104948288018674,10.838579586948514
42.08333333325572,2.4947186284710408,2.904828510763498,3.2548818951943765,4.89316044759083,10.372202228323921
42.16666666668607,2.3918449148050707,2.7850819919973566,3.1206334478260214,4.6897856614073286,9.925091814742029
42.24999999994179,2.292984016937536,2.6700192541031917,2.991648138574127,4.494475894535996,9.496423987686956
42.33333333337214,2.197974110141483,2.5594513132150642,2.8677129753715027,4.306899410831193,9.085416645850257
42.41666666662786,2.106659425963,2.4531966071382083,2.7486236445202255,4.126739801807439,8.69132709994693
42.50000000005821,2.018890042781529,2.3510806010619993,2.6341839964167812,3.9536950396276778,8.313449397631075
42.58333333331393,1.9345218076408544,2.252935509779214,2.524205633597794,3.7874765736491236,7.95111180529825
42.66666666674428,1.8534163900567213,2.158600157126978,2.418507631276807,3.6278084993271165,7.603674438452411
42.75,1.775441448254588,2.0679199765500362,2.3169164077027324,3.4744268336274953,7.270527040520879
42.83333333325572,1.700470868620708,1.980747135580092,2.219265741860272,3.327078929365472,6.951086920908378
42.91666666668607,1.6283850240817284,1.8969407456313285,2.1253969126486414,3.185523050327442,6.644797074417537
42.99999999994179,1.5590709898472959,1.816367101249777,2.0351589113950377,3.0495281101164986,6.3511245120241195
43.08333333337214,1.4924226570772157,1.7388998835600509,1.9484086631727688,2.918873553334816,6.0695588328788475
43.16666666662786,1.428340696314713,1.6644202632885785,1.865011185598541,2.793349332831855,5.799611056020394
43.25000000005821,1.3667323409815717,1.5928168495324138,1.7848396182983994,2.672755916871739,5.540812707356905
43.33333333331393,1.3075109836811105,1.523985449533347,1.7077750714561326,2.5569042500139934,5.292715126671913
43.41666666674428,1.2505956008494212,1.4578286287878797,1.6337062651118064,2.4456155940455835,5.054888927772854
43.5,1.195910041042059,1.3942550858711131,1.562528958107424,2.338721190524664,4.826923520895447
43.58333333325572,1.143382226287593,1.3331788785262044,1.494145192286045,2.2360617118102093,4.608426597389959
43.66666666668607,1.0929433230908459,1.2745185538641803,1.4284623997145123,2.137486498311889,4.39902348634147
43.74999999994179,1.044526939657703,1.218196244190286,1.36539243544908,2.0428526107082923,4.198356320237469
43.83333333337214,0.9980683996201982,1.1641367906587656,1.3048506043358463,1.9520237519896741,4.006082986819793
43.91666666662786,0.9535041315761239,1.1122669505129896,1.2467547476858343,1.8648691316183736,3.821875888707322
44.00000000005821,0.9107712000889115,1.0625147318232535,1.1910244457817192,1.7812623509456027,3.6454205724423767
44.08333333331393,0.8698069893921634,1.0148088845757337,1.1375803772585316,1.701080385296302,3.4764143169501924
44.16666666674428,0.8305490376098252,0.9690785609248016,1.0863438589745091,1.624202725494476,3.3145647836224876
44.25,0.7929350080963968,0.9252531423503374,1.0372365724595625,1.5505107228050168,3.1595888255011797
44.33333333325572,0.7569027762715796,0.8832622188268979,0.9901804673766786,1.4798871595286793,3.0112115337291647
44.41666666668607,0.7223906053306357,0.8430356958011965,0.945097820025215,1.4122160458948012,2.869165570195591
44.49999999994179,0.689337382307495,0.8045039991148073,0.9019114164663069,1.3473826249809586,2.7331908017863946
44.58333333337214,0.6576828867093777,0.767598345852751,0.8605448254707849,1.2852735528691341,2.6030342193177134
44.66666666662786,0.6273680667134902,0.7322510499526644,0.8209227258149393,1.2257772119661432,2.478450097438456
44.75000000005821,0.5983353020406057,0.698395834575497,0.7829712547959533,1.1687841114163326,2.359200333289343
44.83333333331393,0.5705286374467198,0.6659681279432288,0.746618349361412,1.1141873292379243,2.2450548925380738
44.91666666674428,0.5438939757369559,0.6349053248465857,0.711794057074385,1.0618829552363571,2.13579229111373
45.0,0.5183792242866707,0.6051470016723439,0.6784308004722672,1.0117705007149171,2.0312000479862364
45.08333333325572,0.49393439351102575,0.5766350780949221,0.646463584571713,0.9637532493375393,1.9310750565117885
45.16666666668607,0.4705116486978762,0.549313923171954,0.6158301428456053,0.9177385321562068,1.835223836859789
45.24999999994179,0.44806531808783345,0.5231304077199626,0.5864710216501747,0.8736379179675176,1.7434626477054613
45.33333333337214,0.4265518683096876,0.4980339079988856,0.5583296066646357,0.8313673172322017,1.6556174499892227
45.41666666662786,0.40592984279313166,0.47397626722255615,0.5313520978604493,0.7908470034462303,1.5715237279116505
45.50000000005821,0.38615976134403085,0.4509117213757542,0.5054874414493113,0.7520015599758263,1.4910261817900745
45.58333333331393,0.3672039897179672,0.428796802953872,0.4806872275754992,0.7147597630121285,1.41397831375805
45.66666666674428,0.3490265927493512,0.4075902189553911,0.45690556143168004,0.6790544126318948,1.3402419307147448
45.75,0.3315931818666657,0.38725270118615185,0.43409892197664135,0.6448221242032,1.2696865898429754
45.83333333325572,0.3148712014426573,0.36774683728885704,0.41222600397127895,0.6120030918096684,1.2021890109569315
45.91666666668607,0.2988287828370778,0.3490368948305014,0.39124754040145215,0.5805408342290717,1.1376324774927515
45.99999999994179,0.28343367881756265,0.3310889002869933,0.37112611272035234,0.550381933034521,1.0759062446610324
46.08333333337214,0.2686563146985844,0.31387001432133943,0.3518259602879056,0.5214757711882793,1.0169049696046737
46.16666666662786,0.2544679644762621,0.2973484658936098,0.33331305614023116,0.49377428126843004,0.9605281747106001
46.25000000005821,0.2408406190874789,0.28149202252598693,0.3155544647383701,0.46723170585999124,0.9066797517647798
46.33333333331393,0.22774686115942525,0.2662710884466355,0.2985182763741626,0.4418043671111205,0.8552675115706296
46.41666666674428,0.21515975069421311,0.2516568306207635,0.2821720411445539,0.4174504429145761,0.8062027810401615
46.5,0.20305271926724877,0.23762106335878147,0.2664859512807821,0.3941297503025035,0.7594000476206563
46.58333333325572,0.19139946832881533,0.22413613062976673,0.2514309287033235,0.37180363003126005,0.7147766492059424
46.66666666668607,0.18017386981678848,0.2111747891417045,0.23697851651940527,0.3504346691067659,0.6722525063492581
46.74999999994179,0.16934987748556923,0.198710094857402,0.22310077009225696,0.3299864652711539,0.6317498932727295
46.83333333337214,0.15890145454067534,0.18671529628059894,0.209770147272465,0.31042346759440587,0.5931932441333518
46.91666666662786,0.1488024900639252,0.17516372856966306,0.19695939187105885,0.29171085711618394,0.556508990259428
47.00000000005821,0.13902664747691146,0.164028685245826,0.18464140811571292,0.27381270004521263,0.5216254227432645
47.08333333331393,0.12954712783378478,0.1532832432713903,0.17278913979345092,0.2566955562848773,0.4884725852516648
47.16666666674428,0.12033645765851589,0.14290005916606213,0.16137545423891275,0.2403263493197964,0.45698217789218887
47.25,0.11136655709975446,0.13285123540091454,0.1503729726812939,0.2246722876657949,0.42708745743834753
47.33333333325572,0.10260942836525197,0.12310845121454786,0.13975376366703496,0.2097007774780473,0.3987231350305914
47.41666666668607,0.09403569695980829,0.11364271547619412,0.12948891915002128,0.19537931547650805,0.37182527792359427
47.49999999994179,0.08561061086245608,0.10442300021974946,0.11954824404039378,0.18167536463588962,0.3463315689739165
47.58333333337214,0.077291744384242,0.09541441576767104,0.10990044420743034,0.16855624689487214,0.3221805828985169
47.66666666662786,0.06903293763503751,0.08657795505607806,0.10051415185663629,0.15598913174091988,0.29931183194536143
47.75000000005821,0.06079473882364862,0.07787358167743558,0.09136003245220116,0.1439409829354351,0.2776637721641711
47.83333333331393,0.05255709001369391,0.06926665844153326,0.08240308131987445,0.13237810758220603,0.2571781904516766
47.91666666674428,0.04432853530806588,0.06073574686484688,0.07359301691665196,0.12126519110320978,0.2377977589252262
48.0,0.03615222109747072,0.052280995075682714,0.06486743129750722,0.11056433550386587,0.21946595071706898
