datetime,plan,title,ok,elapsed_min,summary
2026-09-22T09:39,p27,DB Fill,False,0.0,{'hdf': 'missing'}
2026-09-22T09:40,p27,DB Fill,False,0.0,{'hdf': 'missing'}
2026-09-22T09:46,p27,DB Fill,False,0.0,{'hdf': 'missing'}
2026-09-22T09:47,p43,TEST copy of PMPDam,False,0.0,{'hdf': 'missing'}
2026-09-22T09:49,p43,TEST copy of PMPDam,True,0.5,"{'hdf': 'Majlas.p43.hdf', 'size_MB': 33.4, 'VA Error': 0.33690229058265686, 'VA Error Percent': 0.06760279089212418, 'VA Precipitation Excess (m^3)': 379.2000732421875, 'VA Precipitation Excess (mm)': 636736128.0, 'VA Total Boundary Flux of Water In': 498.3555908203125, 'VA Total Boundary Flux of Water Out': 0.8677970767021179, 'VA': ""n/a (could not convert string to float: np.bytes_(b'1000 m^3'))"", 'max WSE (m)': 439.3077392578125, 'computation time': '00:00:25'}"
2026-09-22T09:53,p27,DB Fill,True,2.7,"{'hdf': 'Majlas.p27.hdf', 'size_MB': 38.7, 'VA Error': 3314.472900390625, 'VA Error Percent': 3.1813933849334717, 'VA Total Boundary Flux of Water In': 104183.0625, 'VA Total Boundary Flux of Water Out': 0.0, 'VA': ""n/a (could not convert string to float: np.bytes_(b'1000 m^3'))"", 'max WSE (m)': 770.2921752929688, 'computation time': '00:02:38'}"
2026-09-22T10:15,p27,DB Fill,True,19.9,"{'hdf': 'Majlas.p27.hdf', 'size_MB': 147.6, 'VA Error': 0.09443048387765884, 'VA Error Percent': 8.070421608863398e-05, 'VA Total Boundary Flux of Water In': 117008.1171875, 'VA Total Boundary Flux of Water Out': 13930.61328125, 'VA': ""n/a (could not convert string to float: np.bytes_(b'1000 m^3'))"", 'max WSE (m)': 438.8760986328125, 'computation time': '00:19:52'}"
2026-09-22T10:27,p27,DB Fill,True,10.8,"{'hdf': 'Majlas.p27.hdf', 'size_MB': 132.5, 'VA Error': 0.2010849118232727, 'VA Error Percent': 0.00019598437938839197, 'VA Total Boundary Flux of Water In': 102602.5234375, 'VA Total Boundary Flux of Water Out': 321.1745910644531, 'VA': ""n/a (could not convert string to float: np.bytes_(b'1000 m^3'))"", 'max WSE (m)': 438.8760986328125, 'computation time': '00:10:46'}"
2026-09-22T10:41,p32,"S3D PMF no failure, dikes",True,13.7,"{'hdf': 'Majlas.p32.hdf', 'size_MB': 0.0, 'VA': ""n/a ('Unable to synchronously open object (component not found)')""}"
2026-09-22T10:45,p27,Fill reservoir to 84.5 m (restart),True,3.5,"{'hdf': 'Majlas.p27.hdf', 'size_MB': 54.2, 'VA Error': 6.863395690917969, 'VA Error Percent': 0.00669091334566474, 'VA Total Boundary Flux of Water In': 102577.859375, 'VA Total Boundary Flux of Water Out': 0.0, 'VA': ""n/a (could not convert string to float: np.bytes_(b'1000 m^3'))"", 'max WSE (m)': 438.8760986328125, 'computation time': '00:03:24'}"
2026-09-22T11:03,p27,Fill reservoir to 84.5 m (restart),True,16.3,"{'hdf': 'Majlas.p27.hdf', 'size_MB': 142.1, 'VA Error': 0.32717365026474, 'VA Error Percent': 0.000321700528729707, 'VA Total Boundary Flux of Water In': 101701.3046875, 'VA Total Boundary Flux of Water Out': 0.0, 'VA': ""n/a (could not convert string to float: np.bytes_(b'1000 m^3'))"", 'max WSE (m)': 438.8760986328125, 'computation time': '00:16:14'}"
2026-09-22T11:13,p29,"S1N sunny day failure, no dikes",True,0.3,"{'hdf': 'Majlas.p29.hdf', 'size_MB': 26.7, 'VA': 'n/a (""Unable to synchronously open object (object \'Volume Accounting\' doesn\'t exist)"")', 'computation time': ''}"
2026-09-22T11:32,p44,TEST S3D no rain (restart),True,2.4,"{'hdf': 'Majlas.p44.hdf', 'size_MB': 0.0, 'VA': ""n/a ('Unable to synchronously open object (component not found)')""}"
2026-09-22T11:33,p45,TEST S3D no restart (rain),True,0.7,"{'hdf': 'Majlas.p45.hdf', 'size_MB': 0.0, 'VA': ""n/a ('Unable to synchronously open object (component not found)')""}"
2026-09-22T11:33,p46,TEST mini fill with zero rain (restart),True,0.7,"{'hdf': 'Majlas.p46.hdf', 'size_MB': 0.0, 'VA': ""n/a ('Unable to synchronously open object (component not found)')""}"
2026-09-22T11:34,p46,TEST mini fill with zero rain (restart),True,1.1,"{'hdf': 'Majlas.p46.hdf', 'size_MB': 30.3, 'VA Error': 0.0053221057169139385, 'VA Error Percent': 0.00011814652680186555, 'VA Total Boundary Flux of Water In': 4504.66552734375, 'VA Total Boundary Flux of Water Out': 0.0, 'VA': ""n/a (could not convert string to float: np.bytes_(b'1000 m^3'))"", 'max WSE (m)': 438.8760986328125, 'computation time': '00:01:03'}"
2026-09-22T11:36,p47,"TEST S3D rain, restart from rain fill",True,2.0,"{'hdf': 'Majlas.p47.hdf', 'size_MB': 0.0, 'VA': ""n/a ('Unable to synchronously open object (component not found)')""}"
2026-09-22T12:18,p28,"S1D sunny day failure, dikes",True,66.5,"{'hdf': 'Majlas.p28.hdf', 'size_MB': 78.7, 'VA Error': -7.514799118041992, 'VA Error Percent': 0.007389064412564039, 'VA Total Boundary Flux of Water In': 0.0, 'VA Total Boundary Flux of Water Out': 96405.109375, 'VA': ""n/a (could not convert string to float: np.bytes_(b'1000 m^3'))"", 'max WSE (m)': 438.8760986328125, 'computation time': '01:06:11'}"
2026-09-22T12:39,p43,"FillN fill reservoir to 84.5 m, no dikes (restart)",True,61.3,"{'hdf': 'Majlas.p43.hdf', 'size_MB': 140.1, 'VA Error': 0.3935805857181549, 'VA Error Percent': 0.00038699666038155556, 'VA Total Boundary Flux of Water In': 101701.2890625, 'VA Total Boundary Flux of Water Out': 0.0, 'VA': ""n/a (could not convert string to float: np.bytes_(b'1000 m^3'))"", 'max WSE (m)': 438.8760986328125, 'computation time': '01:01:11'}"
2026-09-22T13:26,p27,Fill reservoir to 84.5 m (restart),True,65.2,"{'hdf': 'Majlas.p27.hdf', 'size_MB': 143.3, 'VA Error': 0.3270399272441864, 'VA Error Percent': 0.0003215690376237035, 'VA Total Boundary Flux of Water In': 101701.3046875, 'VA Total Boundary Flux of Water Out': 0.0, 'VA': ""n/a (could not convert string to float: np.bytes_(b'1000 m^3'))"", 'max WSE (m)': 438.8760986328125, 'computation time': '01:05:07'}"
2026-09-22T14:17,p37,"S1D-W51 sunny day, breach width 51 m",True,117.2,"{'hdf': 'Majlas.p37.hdf', 'size_MB': 78.5, 'VA Error': 1.475609540939331, 'VA Error Percent': 0.001450920244678855, 'VA Total Boundary Flux of Water In': 0.0, 'VA Total Boundary Flux of Water Out': 96367.15625, 'VA': ""n/a (could not convert string to float: np.bytes_(b'1000 m^3'))"", 'max WSE (m)': 438.8760986328125, 'computation time': '01:56:42'}"
2026-09-22T14:26,p29,"S1N sunny day failure, no dikes",True,107.3,"{'hdf': 'Majlas.p29.hdf', 'size_MB': 77.1, 'VA Error': -6.813480377197266, 'VA Error Percent': 0.006699476856738329, 'VA Total Boundary Flux of Water In': 0.0, 'VA Total Boundary Flux of Water Out': 96447.7578125, 'VA': ""n/a (could not convert string to float: np.bytes_(b'1000 m^3'))"", 'max WSE (m)': 438.8760986328125, 'computation time': '01:46:55'}"
2026-09-22T15:27,p38,"S1D-W153 sunny day, breach width 153 m",True,68.8,"{'hdf': 'Majlas.p38.hdf', 'size_MB': 79.4, 'VA Error': -12.372170448303223, 'VA Error Percent': 0.012165164574980736, 'VA Total Boundary Flux of Water In': 0.0, 'VA Total Boundary Flux of Water Out': 96428.703125, 'VA': ""n/a (could not convert string to float: np.bytes_(b'1000 m^3'))"", 'max WSE (m)': 438.8760986328125, 'computation time': '01:08:22'}"
2026-09-22T16:17,p41,"S1D-C1.44 sunny day, breach coefficient 1.44",True,50.0,"{'hdf': 'Majlas.p41.hdf', 'size_MB': 79.0, 'VA Error': -6.592566013336182, 'VA Error Percent': 0.006482261698693037, 'VA Total Boundary Flux of Water In': 0.0, 'VA Total Boundary Flux of Water Out': 96397.875, 'VA': ""n/a (could not convert string to float: np.bytes_(b'1000 m^3'))"", 'max WSE (m)': 438.8760986328125, 'computation time': '00:49:40'}"
2026-09-22T18:50,p32,"S3D PMF no failure, dikes",True,323.9,"{'hdf': 'Majlas.p32.hdf', 'size_MB': 341.4, 'VA Error': 15.73476791381836, 'VA Error Percent': 0.0017616342520341277, 'VA Precipitation Excess (m^3)': 56826.34765625, 'VA Precipitation Excess (mm)': 95420309504.0, 'VA Total Boundary Flux of Water In': 791489.9375, 'VA Total Boundary Flux of Water Out': 786721.0, 'VA': ""n/a (could not convert string to float: np.bytes_(b'1000 m^3'))"", 'max WSE (m)': 440.7659606933594, 'computation time': '05:23:35'}"
2026-09-23T02:04,p35,"S2D-W119 flood day, breach width 119 m",True,405.2,"{'hdf': 'Majlas.p35.hdf', 'size_MB': 222.0, 'VA Error': -4.349177360534668, 'VA Error Percent': 0.00048773843445815146, 'VA Precipitation Excess (m^3)': 56826.34765625, 'VA Precipitation Excess (mm)': 95420309504.0, 'VA Total Boundary Flux of Water In': 790001.1875, 'VA Total Boundary Flux of Water Out': 880519.25, 'VA': ""n/a (could not convert string to float: np.bytes_(b'1000 m^3'))"", 'max WSE (m)': 440.7659606933594, 'computation time': '**:**:**'}"
2026-09-23T04:17,p30,"S2D flood day PMF failure, dikes",True,564.2,"{'hdf': 'Majlas.p30.hdf', 'size_MB': 341.6, 'VA Error': 0.5327838659286499, 'VA Error Percent': 5.964974479866214e-05, 'VA Precipitation Excess (m^3)': 56826.34765625, 'VA Precipitation Excess (mm)': 95420309504.0, 'VA Total Boundary Flux of Water In': 791485.5625, 'VA Total Boundary Flux of Water Out': 888348.0625, 'VA': ""n/a (could not convert string to float: np.bytes_(b'1000 m^3'))"", 'max WSE (m)': 440.7659606933594, 'computation time': '**:**:**'}"
