time_h,date,total_flow,weir_flow,stage_hw,stage_tw,breach_width,breach_bottom,breach_flow,breach_velocity
-0.0,01JAN2000 00:00:00,0.246,0.246,84.507,23.925,0.0,0.0,0.0,0.0
0.0833,01JAN2000 00:05:00,0.245,0.245,84.507,23.299,nan,nan,nan,nan
0.1667,01JAN2000 00:10:00,0.244,0.244,84.507,23.299,nan,nan,nan,nan
0.25,01JAN2000 00:15:00,0.245,0.245,84.507,23.299,nan,nan,nan,nan
0.3333,01JAN2000 00:20:00,0.243,0.243,84.507,23.299,nan,nan,nan,nan
0.4167,01JAN2000 00:25:00,0.241,0.241,84.507,23.298,nan,nan,nan,nan
0.5,01JAN2000 00:30:00,0.239,0.239,84.507,23.298,nan,nan,nan,nan
0.5833,01JAN2000 00:35:00,0.239,0.239,84.507,23.298,nan,nan,nan,nan
0.6667,01JAN2000 00:40:00,0.24,0.24,84.507,23.298,nan,nan,nan,nan
0.75,01JAN2000 00:45:00,0.241,0.241,84.507,23.298,nan,nan,nan,nan
0.8333,01JAN2000 00:50:00,0.242,0.242,84.507,23.298,nan,nan,nan,nan
0.9167,01JAN2000 00:55:00,0.243,0.243,84.507,23.299,nan,nan,nan,nan
1.0,01JAN2000 01:00:00,0.247,0.247,84.507,23.299,nan,nan,nan,nan
1.0833,01JAN2000 01:05:00,0.255,0.255,84.507,23.3,nan,nan,nan,nan
1.1667,01JAN2000 01:10:00,0.261,0.261,84.507,23.302,nan,nan,nan,nan
1.25,01JAN2000 01:15:00,0.271,0.271,84.507,23.303,nan,nan,nan,nan
1.3333,01JAN2000 01:20:00,0.28,0.28,84.507,23.305,nan,nan,nan,nan
1.4167,01JAN2000 01:25:00,0.289,0.289,84.508,23.306,nan,nan,nan,nan
1.5,01JAN2000 01:30:00,0.3,0.3,84.508,23.308,nan,nan,nan,nan
1.5833,01JAN2000 01:35:00,0.313,0.313,84.508,23.311,nan,nan,nan,nan
1.6667,01JAN2000 01:40:00,0.33,0.33,84.508,23.313,nan,nan,nan,nan
1.75,01JAN2000 01:45:00,0.345,0.345,84.508,23.315,nan,nan,nan,nan
1.8333,01JAN2000 01:50:00,0.36,0.36,84.509,23.318,nan,nan,nan,nan
1.9167,01JAN2000 01:55:00,0.377,0.377,84.509,23.32,nan,nan,nan,nan
2.0,01JAN2000 02:00:00,0.397,0.397,84.509,23.322,nan,nan,nan,nan
2.0833,01JAN2000 02:05:00,0.419,0.419,84.51,23.325,nan,nan,nan,nan
2.1667,01JAN2000 02:10:00,0.441,0.441,84.51,23.327,nan,nan,nan,nan
2.25,01JAN2000 02:15:00,0.463,0.463,84.51,23.33,nan,nan,nan,nan
2.3333,01JAN2000 02:20:00,0.484,0.484,84.511,23.332,nan,nan,nan,nan
2.4167,01JAN2000 02:25:00,0.511,0.511,84.511,23.334,nan,nan,nan,nan
2.5,01JAN2000 02:30:00,0.541,0.541,84.511,23.336,nan,nan,nan,nan
2.5833,01JAN2000 02:35:00,0.571,0.571,84.512,23.339,nan,nan,nan,nan
2.6667,01JAN2000 02:40:00,0.6,0.6,84.512,23.341,nan,nan,nan,nan
2.75,01JAN2000 02:45:00,0.631,0.631,84.513,23.343,nan,nan,nan,nan
2.8333,01JAN2000 02:50:00,0.662,0.662,84.513,23.344,nan,nan,nan,nan
2.9167,01JAN2000 02:55:00,0.697,0.697,84.514,23.346,nan,nan,nan,nan
3.0,01JAN2000 03:00:00,0.734,0.734,84.514,23.347,nan,nan,nan,nan
3.0833,01JAN2000 03:05:00,0.775,0.775,84.515,23.349,nan,nan,nan,nan
3.1667,01JAN2000 03:10:00,0.813,0.813,84.515,23.351,nan,nan,nan,nan
3.25,01JAN2000 03:15:00,0.857,0.857,84.516,23.353,nan,nan,nan,nan
3.3333,01JAN2000 03:20:00,0.904,0.904,84.516,23.355,nan,nan,nan,nan
3.4167,01JAN2000 03:25:00,0.958,0.958,84.517,23.357,nan,nan,nan,nan
3.5,01JAN2000 03:30:00,1.01,1.01,84.517,23.359,nan,nan,nan,nan
3.5833,01JAN2000 03:35:00,1.072,1.072,84.518,23.361,nan,nan,nan,nan
3.6667,01JAN2000 03:40:00,1.161,1.161,84.519,23.364,nan,nan,nan,nan
3.75,01JAN2000 03:45:00,1.315,1.315,84.521,23.369,nan,nan,nan,nan
3.8333,01JAN2000 03:50:00,1.501,1.501,84.523,23.375,nan,nan,nan,nan
3.9167,01JAN2000 03:55:00,1.687,1.687,84.524,23.38,nan,nan,nan,nan
4.0,01JAN2000 04:00:00,1.863,1.863,84.526,23.384,nan,nan,nan,nan
4.0833,01JAN2000 04:05:00,2.043,2.043,84.528,23.388,nan,nan,nan,nan
4.1667,01JAN2000 04:10:00,2.255,2.255,84.53,23.392,nan,nan,nan,nan
4.25,01JAN2000 04:15:00,2.484,2.484,84.532,23.397,nan,nan,nan,nan
4.3333,01JAN2000 04:20:00,2.722,2.722,84.534,23.401,nan,nan,nan,nan
4.4167,01JAN2000 04:25:00,2.961,2.961,84.536,23.404,nan,nan,nan,nan
4.5,01JAN2000 04:30:00,3.233,3.233,84.538,23.406,nan,nan,nan,nan
4.5833,01JAN2000 04:35:00,3.573,3.573,84.54,23.409,nan,nan,nan,nan
4.6667,01JAN2000 04:40:00,3.938,3.938,84.543,23.412,nan,nan,nan,nan
4.75,01JAN2000 04:45:00,4.307,4.307,84.546,23.415,nan,nan,nan,nan
4.8333,01JAN2000 04:50:00,4.649,4.649,84.548,23.417,nan,nan,nan,nan
4.9167,01JAN2000 04:55:00,5.055,5.055,84.551,23.421,nan,nan,nan,nan
5.0,01JAN2000 05:00:00,5.545,5.545,84.554,23.425,nan,nan,nan,nan
5.0833,01JAN2000 05:05:00,6.112,6.112,84.558,23.431,nan,nan,nan,nan
5.1667,01JAN2000 05:10:00,6.702,6.702,84.562,23.438,nan,nan,nan,nan
5.25,01JAN2000 05:15:00,7.276,7.276,84.565,23.444,nan,nan,nan,nan
5.3333,01JAN2000 05:20:00,7.874,7.874,84.569,23.452,nan,nan,nan,nan
5.4167,01JAN2000 05:25:00,8.546,8.546,84.572,23.46,nan,nan,nan,nan
5.5,01JAN2000 05:30:00,9.332,9.332,84.577,23.475,nan,nan,nan,nan
5.5833,01JAN2000 05:35:00,10.191,10.191,84.581,23.491,nan,nan,nan,nan
5.6667,01JAN2000 05:40:00,11.085,11.085,84.586,23.506,nan,nan,nan,nan
5.75,01JAN2000 05:45:00,11.942,11.942,84.59,23.518,nan,nan,nan,nan
5.8333,01JAN2000 05:50:00,12.854,12.854,84.595,23.53,nan,nan,nan,nan
5.9167,01JAN2000 05:55:00,13.851,13.851,84.6,23.542,nan,nan,nan,nan
6.0,01JAN2000 06:00:00,14.958,14.958,84.605,23.555,nan,nan,nan,nan
6.0833,01JAN2000 06:05:00,16.123,16.123,84.61,23.567,nan,nan,nan,nan
6.1667,01JAN2000 06:10:00,17.296,17.296,84.616,23.579,nan,nan,nan,nan
6.25,01JAN2000 06:15:00,18.451,18.451,84.621,23.59,nan,nan,nan,nan
6.3333,01JAN2000 06:20:00,19.642,19.642,84.626,23.601,nan,nan,nan,nan
6.4167,01JAN2000 06:25:00,20.909,20.909,84.631,23.612,nan,nan,nan,nan
6.5,01JAN2000 06:30:00,22.253,22.253,84.637,23.623,nan,nan,nan,nan
6.5833,01JAN2000 06:35:00,23.729,23.729,84.643,23.636,nan,nan,nan,nan
6.6667,01JAN2000 06:40:00,25.286,25.286,84.649,23.648,nan,nan,nan,nan
6.75,01JAN2000 06:45:00,26.93,26.93,84.656,23.662,nan,nan,nan,nan
6.8333,01JAN2000 06:50:00,28.62,28.62,84.662,23.675,nan,nan,nan,nan
6.9167,01JAN2000 06:55:00,30.327,30.327,84.668,23.688,nan,nan,nan,nan
7.0,01JAN2000 07:00:00,32.116,32.116,84.675,23.701,nan,nan,nan,nan
7.0833,01JAN2000 07:05:00,34.031,34.031,84.682,23.716,nan,nan,nan,nan
7.1667,01JAN2000 07:10:00,36.107,36.107,84.689,23.732,nan,nan,nan,nan
7.25,01JAN2000 07:15:00,38.313,38.313,84.697,23.748,nan,nan,nan,nan
7.3333,01JAN2000 07:20:00,40.52,40.52,84.704,23.764,nan,nan,nan,nan
7.4167,01JAN2000 07:25:00,42.876,42.876,84.712,23.781,nan,nan,nan,nan
7.5,01JAN2000 07:30:00,45.345,45.345,84.72,23.798,nan,nan,nan,nan
7.5833,01JAN2000 07:35:00,47.948,47.948,84.728,23.815,nan,nan,nan,nan
7.6667,01JAN2000 07:40:00,50.718,50.718,84.737,23.833,nan,nan,nan,nan
7.75,01JAN2000 07:45:00,53.653,53.653,84.746,23.851,nan,nan,nan,nan
7.8333,01JAN2000 07:50:00,56.709,56.709,84.756,23.87,nan,nan,nan,nan
7.9167,01JAN2000 07:55:00,59.712,59.712,84.764,23.888,nan,nan,nan,nan
8.0,01JAN2000 08:00:00,62.9,62.9,84.774,23.906,nan,nan,nan,nan
8.0833,01JAN2000 08:05:00,66.241,66.241,84.783,23.922,nan,nan,nan,nan
8.1667,01JAN2000 08:10:00,69.996,69.996,84.794,23.937,nan,nan,nan,nan
8.25,01JAN2000 08:15:00,74.02,74.02,84.805,23.951,nan,nan,nan,nan
8.3333,01JAN2000 08:20:00,78.132,78.132,84.816,23.968,nan,nan,nan,nan
8.4167,01JAN2000 08:25:00,82.054,82.054,84.827,23.984,nan,nan,nan,nan
8.5,01JAN2000 08:30:00,86.051,86.051,84.837,24.001,nan,nan,nan,nan
8.5833,01JAN2000 08:35:00,90.54,90.54,84.849,24.02,nan,nan,nan,nan
8.6667,01JAN2000 08:40:00,95.311,95.311,84.861,24.04,nan,nan,nan,nan
8.75,01JAN2000 08:45:00,100.464,100.464,84.874,24.061,nan,nan,nan,nan
8.8333,01JAN2000 08:50:00,105.844,105.844,84.887,24.083,nan,nan,nan,nan
8.9167,01JAN2000 08:55:00,111.481,111.481,84.901,24.106,nan,nan,nan,nan
9.0,01JAN2000 09:00:00,117.673,117.673,84.916,24.13,nan,nan,nan,nan
9.0833,01JAN2000 09:05:00,124.796,124.796,84.932,24.158,nan,nan,nan,nan
9.1667,01JAN2000 09:10:00,133.3,133.3,84.952,24.19,nan,nan,nan,nan
9.25,01JAN2000 09:15:00,143.556,143.556,84.975,24.227,nan,nan,nan,nan
9.3333,01JAN2000 09:20:00,155.369,155.369,85.0,24.27,nan,nan,nan,nan
9.4167,01JAN2000 09:25:00,168.977,168.977,85.029,24.311,nan,nan,nan,nan
9.5,01JAN2000 09:30:00,183.547,183.547,85.059,24.35,nan,nan,nan,nan
9.5833,01JAN2000 09:35:00,199.222,199.222,85.09,24.393,nan,nan,nan,nan
9.6667,01JAN2000 09:40:00,215.949,215.949,85.123,24.44,nan,nan,nan,nan
9.75,01JAN2000 09:45:00,233.367,233.367,85.156,24.489,nan,nan,nan,nan
9.8333,01JAN2000 09:50:00,251.885,251.885,85.19,24.54,nan,nan,nan,nan
9.9167,01JAN2000 09:55:00,271.704,271.704,85.226,24.592,nan,nan,nan,nan
10.0,01JAN2000 10:00:00,293.084,293.084,85.263,24.649,nan,nan,nan,nan
10.0833,01JAN2000 10:05:00,315.348,315.348,85.302,24.705,nan,nan,nan,nan
10.1667,01JAN2000 10:10:00,338.714,338.714,85.341,24.765,nan,nan,nan,nan
10.25,01JAN2000 10:15:00,363.752,363.752,85.382,24.821,nan,nan,nan,nan
10.3333,01JAN2000 10:20:00,390.485,390.485,85.424,24.882,nan,nan,nan,nan
10.4167,01JAN2000 10:25:00,418.981,418.981,85.469,24.946,nan,nan,nan,nan
10.5,01JAN2000 10:30:00,449.199,449.199,85.515,25.018,nan,nan,nan,nan
10.5833,01JAN2000 10:35:00,481.957,481.957,85.564,25.095,nan,nan,nan,nan
10.6667,01JAN2000 10:40:00,516.472,516.472,85.614,25.173,nan,nan,nan,nan
10.75,01JAN2000 10:45:00,552.716,552.716,85.665,25.241,nan,nan,nan,nan
10.8333,01JAN2000 10:50:00,590.253,590.253,85.717,25.308,nan,nan,nan,nan
10.9167,01JAN2000 10:55:00,629.583,629.583,85.771,25.383,nan,nan,nan,nan
11.0,01JAN2000 11:00:00,670.27,670.27,85.825,25.461,nan,nan,nan,nan
11.0833,01JAN2000 11:05:00,713.384,713.384,85.881,25.497,nan,nan,nan,nan
11.1667,01JAN2000 11:10:00,757.772,757.772,85.938,25.635,nan,nan,nan,nan
11.25,01JAN2000 11:15:00,803.268,803.268,85.995,25.686,nan,nan,nan,nan
11.3333,01JAN2000 11:20:00,849.347,849.347,86.052,25.723,nan,nan,nan,nan
11.4167,01JAN2000 11:25:00,897.996,897.996,86.11,25.783,nan,nan,nan,nan
11.5,01JAN2000 11:30:00,948.863,948.863,86.171,25.887,nan,nan,nan,nan
11.5833,01JAN2000 11:35:00,1003.915,1003.915,86.234,25.99,nan,nan,nan,nan
11.6667,01JAN2000 11:40:00,1061.21,1061.21,86.3,26.089,nan,nan,nan,nan
11.75,01JAN2000 11:45:00,1124.674,1124.674,86.371,26.139,nan,nan,nan,nan
11.8333,01JAN2000 11:50:00,1190.645,1190.645,86.444,26.214,nan,nan,nan,nan
11.9167,01JAN2000 11:55:00,1292.828,1292.828,86.553,26.307,nan,nan,nan,nan
12.0,01JAN2000 12:00:00,1407.62,1407.619,86.673,26.406,nan,nan,nan,nan
12.0833,01JAN2000 12:05:00,1505.016,1505.016,86.772,26.644,nan,nan,nan,nan
12.1667,01JAN2000 12:10:00,1621.721,1621.721,86.888,26.798,nan,nan,nan,nan
12.25,01JAN2000 12:15:00,1733.608,1733.608,86.996,26.946,nan,nan,nan,nan
12.3333,01JAN2000 12:20:00,1828.557,1828.557,87.086,27.07,nan,nan,nan,nan
12.4167,01JAN2000 12:25:00,1900.767,1900.767,87.153,27.165,nan,nan,nan,nan
12.5,01JAN2000 12:30:00,1971.917,1971.917,87.22,27.256,nan,nan,nan,nan
12.5833,01JAN2000 12:35:00,2061.362,2061.362,87.301,27.34,nan,nan,nan,nan
12.6667,01JAN2000 12:40:00,2173.656,2173.656,87.402,27.432,nan,nan,nan,nan
12.75,01JAN2000 12:45:00,2287.973,2287.973,87.502,27.519,nan,nan,nan,nan
12.8333,01JAN2000 12:50:00,2390.162,2390.162,87.591,27.6,nan,nan,nan,nan
12.9167,01JAN2000 12:55:00,2482.141,2482.141,87.67,27.675,nan,nan,nan,nan
13.0,01JAN2000 13:00:00,2573.571,2573.571,87.747,27.75,nan,nan,nan,nan
13.0833,01JAN2000 13:05:00,2668.002,2668.002,87.826,27.827,nan,nan,nan,nan
13.1667,01JAN2000 13:10:00,2773.235,2773.236,87.912,27.913,nan,nan,nan,nan
13.25,01JAN2000 13:15:00,2881.893,2881.892,88.001,27.996,nan,nan,nan,nan
13.3333,01JAN2000 13:20:00,3000.853,3000.853,88.096,28.084,nan,nan,nan,nan
13.4167,01JAN2000 13:25:00,3132.345,3132.345,88.2,28.18,nan,nan,nan,nan
13.5,01JAN2000 13:30:00,3283.546,3283.546,88.319,28.279,nan,nan,nan,nan
13.5833,01JAN2000 13:35:00,3460.509,3460.509,88.454,28.305,nan,nan,nan,nan
13.6667,01JAN2000 13:40:00,3667.469,3667.469,88.61,28.593,nan,nan,nan,nan
13.75,01JAN2000 13:45:00,3905.112,3905.112,88.786,28.978,nan,nan,nan,nan
13.8333,01JAN2000 13:50:00,4175.507,4175.507,88.982,29.308,nan,nan,nan,nan
13.9167,01JAN2000 13:55:00,4483.081,4483.08,89.2,29.844,nan,nan,nan,nan
14.0,01JAN2000 14:00:00,4832.624,4832.624,89.441,30.316,nan,nan,nan,nan
14.0833,01JAN2000 14:05:00,5226.501,5226.501,89.706,31.201,nan,nan,nan,nan
14.1667,01JAN2000 14:10:00,5675.899,5675.899,90.0,31.922,nan,nan,nan,nan
14.25,01JAN2000 14:15:00,6182.279,6182.279,90.322,32.752,nan,nan,nan,nan
14.3333,01JAN2000 14:20:00,6739.277,6739.276,90.667,33.723,nan,nan,nan,nan
14.4167,01JAN2000 14:25:00,7328.494,7328.494,91.021,35.403,nan,nan,nan,nan
14.5,01JAN2000 14:30:00,7948.054,7948.054,91.383,36.238,nan,nan,nan,nan
14.5833,01JAN2000 14:35:00,8583.162,8583.162,91.744,37.351,nan,nan,nan,nan
14.6667,01JAN2000 14:40:00,9203.076,9203.076,92.088,38.396,nan,nan,nan,nan
14.75,01JAN2000 14:45:00,9795.667,9795.667,92.41,39.164,nan,nan,nan,nan
14.8333,01JAN2000 14:50:00,10347.082,10347.082,92.704,39.942,nan,nan,nan,nan
14.9167,01JAN2000 14:55:00,10834.328,10834.33,92.959,40.491,nan,nan,nan,nan
15.0,01JAN2000 15:00:00,11260.853,11260.852,93.179,40.869,nan,nan,nan,nan
15.0833,01JAN2000 15:05:00,11613.277,11613.278,93.358,41.152,nan,nan,nan,nan
15.1667,01JAN2000 15:10:00,11897.49,11897.491,93.502,41.378,nan,nan,nan,nan
15.25,01JAN2000 15:15:00,12112.21,12112.209,93.61,41.543,nan,nan,nan,nan
15.3333,01JAN2000 15:20:00,12262.537,12262.535,93.685,41.682,nan,nan,nan,nan
15.4167,01JAN2000 15:25:00,12353.204,12353.2,93.73,41.856,nan,nan,nan,nan
15.5,01JAN2000 15:30:00,12386.094,12386.094,93.747,41.9,nan,nan,nan,nan
15.5833,01JAN2000 15:35:00,58518.645,58518.637,84.518,75.411,70.676,23.0,55761.172,12.825
15.6667,01JAN2000 15:40:00,58751.938,58751.938,80.021,73.015,85.0,23.0,58749.402,12.15
15.75,01JAN2000 15:45:00,53411.68,53411.676,76.479,69.81,85.0,23.0,53411.668,11.78
15.8333,01JAN2000 15:50:00,48911.312,48911.32,73.413,67.192,85.0,23.0,48911.309,11.446
15.9167,01JAN2000 15:55:00,44644.207,44644.207,70.377,64.52,85.0,23.0,44644.195,11.114
16.0,01JAN2000 16:00:00,40437.809,40437.809,67.375,61.962,85.0,23.0,40437.793,10.747
16.0833,01JAN2000 16:05:00,36496.738,36496.734,64.47,59.479,85.0,23.0,36496.73,10.38
16.1667,01JAN2000 16:10:00,32824.715,32824.715,61.676,57.083,85.0,23.0,32824.703,10.01
16.25,01JAN2000 16:15:00,29426.807,29426.801,58.99,54.767,85.0,23.0,29426.789,9.644
16.3333,01JAN2000 16:20:00,26340.314,26340.314,56.454,52.574,85.0,23.0,26340.305,9.287
16.4167,01JAN2000 16:25:00,23521.299,23521.299,54.07,50.528,85.0,23.0,23521.291,8.927
16.5,01JAN2000 16:30:00,21015.516,21015.514,51.864,48.629,85.0,23.0,21015.502,8.584
16.5833,01JAN2000 16:35:00,18730.387,18730.385,49.859,46.931,85.0,23.0,18730.375,8.221
16.6667,01JAN2000 16:40:00,16812.846,16812.846,48.063,45.413,85.0,23.0,16812.838,7.912
16.75,01JAN2000 16:45:00,15189.251,15189.249,46.447,43.976,85.0,23.0,15189.242,7.64
16.8333,01JAN2000 16:50:00,13810.066,13810.067,45.041,42.762,85.0,23.0,13810.057,7.389
16.9167,01JAN2000 16:55:00,12649.683,12649.682,43.831,41.737,85.0,23.0,12649.672,7.164
17.0,01JAN2000 17:00:00,11680.582,11680.581,42.774,40.775,85.0,23.0,11680.572,6.966
17.0833,01JAN2000 17:05:00,10878.505,10878.505,41.866,40.013,85.0,23.0,10878.494,6.798
17.1667,01JAN2000 17:10:00,10197.453,10197.455,41.107,39.348,85.0,23.0,10197.444,6.643
17.25,01JAN2000 17:15:00,9628.083,9628.082,40.449,38.756,85.0,23.0,9628.073,6.507
17.3333,01JAN2000 17:20:00,9153.794,9153.794,39.889,38.283,85.0,23.0,9153.785,6.393
17.4167,01JAN2000 17:25:00,8744.15,8744.149,39.408,37.86,85.0,23.0,8744.142,6.286
17.5,01JAN2000 17:30:00,8390.78,8390.779,38.978,37.48,85.0,23.0,8390.771,6.194
17.5833,01JAN2000 17:35:00,8088.876,8088.875,38.592,37.149,85.0,23.0,8088.868,6.119
17.6667,01JAN2000 17:40:00,7810.534,7810.534,38.247,36.838,85.0,23.0,7810.525,6.042
17.75,01JAN2000 17:45:00,7551.345,7551.346,37.929,36.558,85.0,23.0,7551.337,5.967
17.8333,01JAN2000 17:50:00,7317.893,7317.892,37.626,36.286,85.0,23.0,7317.883,5.901
17.9167,01JAN2000 17:55:00,7100.219,7100.219,37.349,36.047,85.0,23.0,7100.21,5.837
18.0,01JAN2000 18:00:00,6895.778,6895.779,37.082,35.81,85.0,23.0,6895.77,5.777
18.0833,01JAN2000 18:05:00,6700.758,6700.758,36.823,35.581,85.0,23.0,6700.75,5.719
18.1667,01JAN2000 18:10:00,6513.036,6513.036,36.575,35.361,85.0,23.0,6513.028,5.66
18.25,01JAN2000 18:15:00,6333.559,6333.56,36.333,35.146,85.0,23.0,6333.551,5.604
18.3333,01JAN2000 18:20:00,6162.856,6162.856,36.096,34.942,85.0,23.0,6162.849,5.551
18.4167,01JAN2000 18:25:00,5990.812,5990.812,35.866,34.735,85.0,23.0,5990.805,5.493
18.5,01JAN2000 18:30:00,5828.464,5828.464,35.636,34.53,85.0,23.0,5828.456,5.44
18.5833,01JAN2000 18:35:00,5669.976,5669.976,35.422,34.348,85.0,23.0,5669.968,5.384
18.6667,01JAN2000 18:40:00,5515.118,5515.118,35.208,34.159,85.0,23.0,5515.109,5.33
18.75,01JAN2000 18:45:00,5369.356,5369.357,35.0,33.975,85.0,23.0,5369.348,5.279
18.8333,01JAN2000 18:50:00,5229.11,5229.111,34.803,33.805,85.0,23.0,5229.102,5.228
18.9167,01JAN2000 18:55:00,5097.022,5097.022,34.602,33.614,85.0,23.0,5097.014,5.183
19.0,01JAN2000 19:00:00,4963.366,4963.366,34.412,33.446,85.0,23.0,4963.358,5.131
19.0833,01JAN2000 19:05:00,4838.393,4838.393,34.231,33.293,85.0,23.0,4838.384,5.084
19.1667,01JAN2000 19:10:00,4717.726,4717.727,34.054,33.135,85.0,23.0,4717.718,5.037
19.25,01JAN2000 19:15:00,4601.798,4601.799,33.879,32.98,85.0,23.0,4601.791,4.991
19.3333,01JAN2000 19:20:00,4492.272,4492.271,33.711,32.831,85.0,23.0,4492.264,4.945
19.4167,01JAN2000 19:25:00,4385.817,4385.817,33.545,32.681,85.0,23.0,4385.81,4.904
19.5,01JAN2000 19:30:00,4280.094,4280.094,33.387,32.541,85.0,23.0,4280.087,4.862
19.5833,01JAN2000 19:35:00,4180.532,4180.532,33.229,32.4,85.0,23.0,4180.524,4.819
19.6667,01JAN2000 19:40:00,4083.897,4083.897,33.081,32.268,85.0,23.0,4083.889,4.777
19.75,01JAN2000 19:45:00,3992.135,3992.135,32.937,32.141,85.0,23.0,3992.128,4.738
19.8333,01JAN2000 19:50:00,3902.602,3902.602,32.797,32.016,85.0,23.0,3902.595,4.698
19.9167,01JAN2000 19:55:00,3817.517,3817.517,32.659,31.892,85.0,23.0,3817.51,4.661
20.0,01JAN2000 20:00:00,3736.456,3736.456,32.519,31.744,85.0,23.0,3736.449,4.627
20.0833,01JAN2000 20:05:00,3654.542,3654.543,32.39,31.629,85.0,23.0,3654.535,4.588
20.1667,01JAN2000 20:10:00,3576.12,3576.121,32.264,31.517,85.0,23.0,3576.113,4.554
20.25,01JAN2000 20:15:00,3503.02,3503.021,32.141,31.407,85.0,23.0,3503.013,4.518
20.3333,01JAN2000 20:20:00,3430.812,3430.813,32.022,31.302,85.0,23.0,3430.805,4.483
20.4167,01JAN2000 20:25:00,3362.717,3362.717,31.906,31.197,85.0,23.0,3362.71,4.451
20.5,01JAN2000 20:30:00,3296.048,3296.048,31.793,31.096,85.0,23.0,3296.042,4.42
20.5833,01JAN2000 20:35:00,3230.996,3230.996,31.681,30.996,85.0,23.0,3230.989,4.388
20.6667,01JAN2000 20:40:00,3167.919,3167.919,31.573,30.899,85.0,23.0,3167.912,4.357
20.75,01JAN2000 20:45:00,3107.799,3107.799,31.468,30.734,85.0,23.0,3107.792,4.328
20.8333,01JAN2000 20:50:00,3050.688,3050.687,31.362,30.639,85.0,23.0,3050.68,4.302
20.9167,01JAN2000 20:55:00,2993.75,2993.75,31.258,30.545,85.0,23.0,2993.743,4.278
21.0,01JAN2000 21:00:00,2938.471,2938.471,31.158,30.457,85.0,23.0,2938.463,4.247
21.0833,01JAN2000 21:05:00,2885.457,2885.457,31.062,30.372,85.0,23.0,2885.45,4.222
21.1667,01JAN2000 21:10:00,2834.129,2834.129,30.969,30.29,85.0,23.0,2834.122,4.194
21.25,01JAN2000 21:15:00,2785.071,2785.071,30.877,30.208,85.0,23.0,2785.064,4.169
21.3333,01JAN2000 21:20:00,2741.763,2741.763,30.807,30.304,85.0,23.0,2741.756,4.157
21.4167,01JAN2000 21:25:00,2691.513,2691.513,30.716,30.22,85.0,23.0,2691.506,4.129
21.5,01JAN2000 21:30:00,2644.317,2644.318,30.63,30.141,85.0,23.0,2644.311,4.103
21.5833,01JAN2000 21:35:00,2599.224,2599.224,30.547,30.065,85.0,23.0,2599.218,4.077
21.6667,01JAN2000 21:40:00,2555.618,2555.618,30.467,29.99,85.0,23.0,2555.612,4.052
21.75,01JAN2000 21:45:00,2513.267,2513.267,30.388,29.918,85.0,23.0,2513.261,4.027
21.8333,01JAN2000 21:50:00,2472.06,2472.06,30.312,29.848,85.0,23.0,2472.053,4.002
21.9167,01JAN2000 21:55:00,2432.526,2432.526,30.238,29.78,85.0,23.0,2432.52,3.979
22.0,01JAN2000 22:00:00,2393.883,2393.883,30.165,29.714,85.0,23.0,2393.876,3.956
22.0833,01JAN2000 22:05:00,2356.793,2356.793,30.095,29.649,85.0,23.0,2356.787,3.933
22.1667,01JAN2000 22:10:00,2320.819,2320.819,30.026,29.587,85.0,23.0,2320.812,3.911
22.25,01JAN2000 22:15:00,2286.161,2286.161,29.959,29.525,85.0,23.0,2286.155,3.89
22.3333,01JAN2000 22:20:00,2252.912,2252.912,29.894,29.465,85.0,23.0,2252.906,3.87
22.4167,01JAN2000 22:25:00,2220.291,2220.291,29.831,29.407,85.0,23.0,2220.285,3.849
22.5,01JAN2000 22:30:00,2188.683,2188.683,29.77,29.351,85.0,23.0,2188.677,3.828
22.5833,01JAN2000 22:35:00,2158.543,2158.543,29.711,29.297,85.0,23.0,2158.537,3.809
22.6667,01JAN2000 22:40:00,2128.829,2128.83,29.653,29.245,85.0,23.0,2128.823,3.789
22.75,01JAN2000 22:45:00,2099.941,2099.941,29.596,29.194,85.0,23.0,2099.934,3.77
22.8333,01JAN2000 22:50:00,2071.687,2071.687,29.541,29.144,85.0,23.0,2071.68,3.75
22.9167,01JAN2000 22:55:00,2044.099,2044.099,29.487,29.095,85.0,23.0,2044.092,3.731
23.0,01JAN2000 23:00:00,2017.081,2017.081,29.434,29.046,85.0,23.0,2017.075,3.712
23.0833,01JAN2000 23:05:00,1990.823,1990.823,29.382,29.0,85.0,23.0,1990.817,3.694
23.1667,01JAN2000 23:10:00,1965.29,1965.289,29.331,28.954,85.0,23.0,1965.284,3.675
23.25,01JAN2000 23:15:00,1940.443,1940.443,29.282,28.909,85.0,23.0,1940.437,3.657
23.3333,01JAN2000 23:20:00,1916.262,1916.262,29.233,28.865,85.0,23.0,1916.256,3.64
23.4167,01JAN2000 23:25:00,1892.76,1892.76,29.186,28.823,85.0,23.0,1892.754,3.622
23.5,01JAN2000 23:30:00,1869.838,1869.838,29.14,28.781,85.0,23.0,1869.832,3.605
23.5833,01JAN2000 23:35:00,1847.646,1847.646,29.095,28.74,85.0,23.0,1847.64,3.589
23.6667,01JAN2000 23:40:00,1826.006,1826.006,29.051,28.7,85.0,23.0,1826.0,3.573
23.75,01JAN2000 23:45:00,1804.869,1804.869,29.008,28.661,85.0,23.0,1804.863,3.556
23.8333,01JAN2000 23:50:00,1784.18,1784.18,28.965,28.622,85.0,23.0,1784.175,3.541
23.9167,01JAN2000 23:55:00,1763.893,1763.893,28.924,28.585,85.0,23.0,1763.888,3.525
24.0,02JAN2000 00:00:00,1744.136,1744.136,28.883,28.548,85.0,23.0,1744.13,3.509
24.0833,02JAN2000 00:05:00,1724.888,1724.888,28.843,28.511,85.0,23.0,1724.883,3.494
24.1667,02JAN2000 00:10:00,1706.533,1706.533,28.805,28.477,85.0,23.0,1706.528,3.48
24.25,02JAN2000 00:15:00,1688.446,1688.446,28.768,28.443,85.0,23.0,1688.441,3.465
24.3333,02JAN2000 00:20:00,1670.51,1670.51,28.731,28.409,85.0,23.0,1670.505,3.45
24.4167,02JAN2000 00:25:00,1652.556,1652.555,28.693,28.375,85.0,23.0,1652.551,3.436
24.5,02JAN2000 00:30:00,1634.754,1634.754,28.656,28.341,85.0,23.0,1634.75,3.421
24.5833,02JAN2000 00:35:00,1617.139,1617.139,28.619,28.308,85.0,23.0,1617.135,3.406
24.6667,02JAN2000 00:40:00,1599.822,1599.822,28.583,28.275,85.0,23.0,1599.818,3.391
24.75,02JAN2000 00:45:00,1582.919,1582.919,28.548,28.243,85.0,23.0,1582.916,3.377
24.8333,02JAN2000 00:50:00,1566.376,1566.376,28.513,28.211,85.0,23.0,1566.372,3.362
24.9167,02JAN2000 00:55:00,1550.095,1550.095,28.479,28.18,85.0,23.0,1550.092,3.348
25.0,02JAN2000 01:00:00,1533.84,1533.84,28.445,28.149,85.0,23.0,1533.837,3.334
25.0833,02JAN2000 01:05:00,1517.834,1517.833,28.411,28.118,85.0,23.0,1517.831,3.32
25.1667,02JAN2000 01:10:00,1501.989,1501.989,28.377,28.087,85.0,23.0,1501.986,3.306
25.25,02JAN2000 01:15:00,1486.07,1486.07,28.343,28.056,85.0,23.0,1486.067,3.291
25.3333,02JAN2000 01:20:00,1470.044,1470.044,28.309,28.025,85.0,23.0,1470.042,3.277
25.4167,02JAN2000 01:25:00,1453.96,1453.96,28.274,27.994,85.0,23.0,1453.957,3.262
25.5,02JAN2000 01:30:00,1436.799,1436.799,28.266,28.003,85.0,23.0,1436.797,3.242
25.5833,02JAN2000 01:35:00,1422.069,1422.069,28.225,27.974,85.0,23.0,1422.067,3.228
25.6667,02JAN2000 01:40:00,1406.897,1406.897,28.191,27.944,85.0,23.0,1406.895,3.214
25.75,02JAN2000 01:45:00,1392.089,1392.089,28.159,27.913,85.0,23.0,1392.087,3.2
25.8333,02JAN2000 01:50:00,1377.961,1377.962,28.127,27.883,85.0,23.0,1377.959,3.187
25.9167,02JAN2000 01:55:00,1364.097,1364.097,28.095,27.854,85.0,23.0,1364.095,3.174
26.0,02JAN2000 02:00:00,1350.532,1350.532,28.065,27.826,85.0,23.0,1350.53,3.161
26.0833,02JAN2000 02:05:00,1337.345,1337.345,28.035,27.799,85.0,23.0,1337.343,3.149
26.1667,02JAN2000 02:10:00,1324.622,1324.622,28.007,27.773,85.0,23.0,1324.62,3.136
26.25,02JAN2000 02:15:00,1312.067,1312.067,27.979,27.747,85.0,23.0,1312.065,3.124
26.3333,02JAN2000 02:20:00,1299.344,1299.344,27.95,27.72,85.0,23.0,1299.342,3.112
26.4167,02JAN2000 02:25:00,1286.411,1286.411,27.921,27.693,85.0,23.0,1286.409,3.099
26.5,02JAN2000 02:30:00,1273.512,1273.512,27.892,27.666,85.0,23.0,1273.511,3.086
26.5833,02JAN2000 02:35:00,1260.631,1260.631,27.862,27.639,85.0,23.0,1260.63,3.073
26.6667,02JAN2000 02:40:00,1247.728,1247.728,27.833,27.612,85.0,23.0,1247.727,3.06
26.75,02JAN2000 02:45:00,1234.861,1234.861,27.803,27.584,85.0,23.0,1234.86,3.047
26.8333,02JAN2000 02:50:00,1222.036,1222.036,27.774,27.557,85.0,23.0,1222.035,3.034
26.9167,02JAN2000 02:55:00,1209.193,1209.193,27.744,27.529,85.0,23.0,1209.192,3.021
27.0,02JAN2000 03:00:00,1196.244,1196.244,27.714,27.502,85.0,23.0,1196.243,3.007
27.0833,02JAN2000 03:05:00,1183.206,1183.206,27.684,27.473,85.0,23.0,1183.205,2.994
27.1667,02JAN2000 03:10:00,1170.15,1170.15,27.653,27.445,85.0,23.0,1170.149,2.98
27.25,02JAN2000 03:15:00,1156.941,1156.941,27.622,27.416,85.0,23.0,1156.94,2.966
27.3333,02JAN2000 03:20:00,1143.549,1143.549,27.59,27.386,85.0,23.0,1143.548,2.952
27.4167,02JAN2000 03:25:00,1130.021,1130.021,27.558,27.356,85.0,23.0,1130.02,2.937
27.5,02JAN2000 03:30:00,1116.375,1116.375,27.525,27.325,85.0,23.0,1116.374,2.923
27.5833,02JAN2000 03:35:00,1102.656,1102.655,27.492,27.295,85.0,23.0,1102.655,2.908
27.6667,02JAN2000 03:40:00,1088.894,1088.894,27.459,27.264,85.0,23.0,1088.893,2.893
27.75,02JAN2000 03:45:00,1075.099,1075.099,27.425,27.232,85.0,23.0,1075.098,2.878
27.8333,02JAN2000 03:50:00,1061.31,1061.31,27.391,27.201,85.0,23.0,1061.309,2.863
27.9167,02JAN2000 03:55:00,1047.55,1047.55,27.358,27.169,85.0,23.0,1047.549,2.847
28.0,02JAN2000 04:00:00,1033.896,1033.896,27.324,27.138,85.0,23.0,1033.896,2.832
28.0833,02JAN2000 04:05:00,1020.373,1020.373,27.291,27.107,85.0,23.0,1020.372,2.816
28.1667,02JAN2000 04:10:00,1006.979,1006.979,27.257,27.076,85.0,23.0,1006.979,2.801
28.25,02JAN2000 04:15:00,993.763,993.763,27.224,27.045,85.0,23.0,993.762,2.786
28.3333,02JAN2000 04:20:00,980.664,980.664,27.191,27.014,85.0,23.0,980.663,2.77
28.4167,02JAN2000 04:25:00,967.655,967.655,27.159,26.983,85.0,23.0,967.654,2.755
28.5,02JAN2000 04:30:00,954.806,954.806,27.126,26.953,85.0,23.0,954.805,2.74
28.5833,02JAN2000 04:35:00,942.041,942.041,27.093,26.922,85.0,23.0,942.04,2.724
28.6667,02JAN2000 04:40:00,929.361,929.361,27.061,26.892,85.0,23.0,929.36,2.709
28.75,02JAN2000 04:45:00,916.746,916.746,27.029,26.862,85.0,23.0,916.746,2.693
28.8333,02JAN2000 04:50:00,904.134,904.134,26.996,26.831,85.0,23.0,904.133,2.678
28.9167,02JAN2000 04:55:00,891.49,891.49,26.963,26.8,85.0,23.0,891.489,2.662
29.0,02JAN2000 05:00:00,878.821,878.821,26.931,26.77,85.0,23.0,878.821,2.646
29.0833,02JAN2000 05:05:00,866.046,866.046,26.897,26.739,85.0,23.0,866.045,2.629
29.1667,02JAN2000 05:10:00,853.185,853.185,26.864,26.707,85.0,23.0,853.184,2.612
29.25,02JAN2000 05:15:00,840.196,840.196,26.83,26.675,85.0,23.0,840.195,2.595
29.3333,02JAN2000 05:20:00,827.107,827.107,26.796,26.643,85.0,23.0,827.107,2.578
29.4167,02JAN2000 05:25:00,813.908,813.908,26.77,26.622,85.0,23.0,813.907,2.555
29.5,02JAN2000 05:30:00,800.797,800.797,26.734,26.588,85.0,23.0,800.796,2.538
29.5833,02JAN2000 05:35:00,787.627,787.627,26.698,26.554,85.0,23.0,787.627,2.52
29.6667,02JAN2000 05:40:00,774.474,774.474,26.662,26.52,85.0,23.0,774.473,2.502
29.75,02JAN2000 05:45:00,761.348,761.349,26.626,26.486,85.0,23.0,761.348,2.484
29.8333,02JAN2000 05:50:00,748.208,748.208,26.59,26.451,85.0,23.0,748.208,2.465
29.9167,02JAN2000 05:55:00,735.137,735.137,26.554,26.417,85.0,23.0,735.137,2.447
30.0,02JAN2000 06:00:00,722.16,722.16,26.517,26.382,85.0,23.0,722.16,2.428
30.0833,02JAN2000 06:05:00,709.255,709.255,26.481,26.347,85.0,23.0,709.255,2.409
30.1667,02JAN2000 06:10:00,696.494,696.494,26.445,26.312,85.0,23.0,696.493,2.39
30.25,02JAN2000 06:15:00,683.895,683.895,26.408,26.277,85.0,23.0,683.895,2.372
30.3333,02JAN2000 06:20:00,671.424,671.424,26.371,26.242,85.0,23.0,671.424,2.354
30.4167,02JAN2000 06:25:00,659.111,659.111,26.334,26.206,85.0,23.0,659.111,2.336
30.5,02JAN2000 06:30:00,647.424,647.424,26.295,26.167,85.0,23.0,647.424,2.32
30.5833,02JAN2000 06:35:00,638.077,638.077,26.243,26.106,85.0,23.0,638.076,2.322
30.6667,02JAN2000 06:40:00,624.036,624.036,26.202,26.067,85.0,23.0,624.035,2.299
30.75,02JAN2000 06:45:00,611.749,611.749,26.165,26.031,85.0,23.0,611.748,2.28
30.8333,02JAN2000 06:50:00,600.116,600.116,26.129,25.997,85.0,23.0,600.116,2.262
30.9167,02JAN2000 06:55:00,588.803,588.803,26.094,25.963,85.0,23.0,588.802,2.244
31.0,02JAN2000 07:00:00,577.685,577.685,26.059,25.929,85.0,23.0,577.685,2.226
31.0833,02JAN2000 07:05:00,566.884,566.884,26.024,25.895,85.0,23.0,566.883,2.21
31.1667,02JAN2000 07:10:00,555.961,555.961,25.988,25.86,85.0,23.0,555.961,2.193
31.25,02JAN2000 07:15:00,546.622,546.621,25.95,25.816,85.0,23.0,546.621,2.18
31.3333,02JAN2000 07:20:00,535.052,535.052,25.911,25.779,85.0,23.0,535.051,2.161
31.4167,02JAN2000 07:25:00,524.295,524.294,25.875,25.743,85.0,23.0,524.294,2.144
31.5,02JAN2000 07:30:00,513.942,513.942,25.839,25.708,85.0,23.0,513.942,2.127
31.5833,02JAN2000 07:35:00,503.88,503.88,25.804,25.672,85.0,23.0,503.879,2.112
31.6667,02JAN2000 07:40:00,494.052,494.052,25.768,25.635,85.0,23.0,494.052,2.097
31.75,02JAN2000 07:45:00,483.925,483.925,25.733,25.6,85.0,23.0,483.925,2.079
31.8333,02JAN2000 07:50:00,473.972,473.972,25.7,25.569,85.0,23.0,473.972,2.061
31.9167,02JAN2000 07:55:00,464.387,464.387,25.667,25.538,85.0,23.0,464.387,2.043
32.0,02JAN2000 08:00:00,454.967,454.967,25.635,25.507,85.0,23.0,454.966,2.026
32.0833,02JAN2000 08:05:00,445.718,445.718,25.604,25.477,85.0,23.0,445.717,2.008
32.1667,02JAN2000 08:10:00,436.658,436.658,25.573,25.447,85.0,23.0,436.658,1.99
32.25,02JAN2000 08:15:00,427.724,427.724,25.542,25.417,85.0,23.0,427.724,1.973
32.3333,02JAN2000 08:20:00,418.999,418.999,25.511,25.387,85.0,23.0,418.999,1.955
32.4167,02JAN2000 08:25:00,410.198,410.198,25.481,25.358,85.0,23.0,410.197,1.936
32.5,02JAN2000 08:30:00,402.004,402.004,25.451,25.328,85.0,23.0,402.004,1.92
32.5833,02JAN2000 08:35:00,393.867,393.867,25.422,25.301,85.0,23.0,393.867,1.902
32.6667,02JAN2000 08:40:00,385.938,385.938,25.394,25.275,85.0,23.0,385.937,1.885
32.75,02JAN2000 08:45:00,378.202,378.202,25.366,25.249,85.0,23.0,378.202,1.868
32.8333,02JAN2000 08:50:00,370.584,370.584,25.339,25.223,85.0,23.0,370.584,1.851
32.9167,02JAN2000 08:55:00,361.137,361.137,25.316,25.203,85.0,23.0,361.137,1.82
33.0,02JAN2000 09:00:00,355.586,355.586,25.287,25.175,85.0,23.0,355.586,1.814
33.0833,02JAN2000 09:05:00,348.592,348.592,25.261,25.15,85.0,23.0,348.592,1.799
33.1667,02JAN2000 09:10:00,341.633,341.633,25.235,25.126,85.0,23.0,341.633,1.783
33.25,02JAN2000 09:15:00,334.864,334.864,25.209,25.102,85.0,23.0,334.864,1.767
33.3333,02JAN2000 09:20:00,328.283,328.283,25.184,25.078,85.0,23.0,328.282,1.751
33.4167,02JAN2000 09:25:00,321.803,321.803,25.159,25.055,85.0,23.0,321.803,1.737
33.5,02JAN2000 09:30:00,315.584,315.584,25.135,25.033,85.0,23.0,315.584,1.722
33.5833,02JAN2000 09:35:00,309.473,309.473,25.111,25.011,85.0,23.0,309.473,1.707
33.6667,02JAN2000 09:40:00,303.587,303.587,25.089,24.99,85.0,23.0,303.586,1.693
33.75,02JAN2000 09:45:00,297.856,297.856,25.067,24.969,85.0,23.0,297.856,1.679
33.8333,02JAN2000 09:50:00,292.283,292.283,25.045,24.949,85.0,23.0,292.282,1.664
33.9167,02JAN2000 09:55:00,286.949,286.949,25.024,24.929,85.0,23.0,286.948,1.649
34.0,02JAN2000 10:00:00,281.734,281.734,25.003,24.91,85.0,23.0,281.734,1.636
34.0833,02JAN2000 10:05:00,276.316,276.316,24.983,24.891,85.0,23.0,276.316,1.622
34.1667,02JAN2000 10:10:00,271.408,271.408,24.963,24.873,85.0,23.0,271.408,1.608
34.25,02JAN2000 10:15:00,266.983,266.983,24.944,24.855,85.0,23.0,266.983,1.597
34.3333,02JAN2000 10:20:00,262.385,262.385,24.926,24.838,85.0,23.0,262.384,1.584
34.4167,02JAN2000 10:25:00,257.72,257.72,24.908,24.821,85.0,23.0,257.72,1.575
34.5,02JAN2000 10:30:00,253.552,253.552,24.891,24.806,85.0,23.0,253.551,1.563
34.5833,02JAN2000 10:35:00,249.23,249.23,24.874,24.79,85.0,23.0,249.23,1.55
34.6667,02JAN2000 10:40:00,244.656,244.656,24.855,24.773,85.0,23.0,244.656,1.536
34.75,02JAN2000 10:45:00,240.172,240.172,24.837,24.756,85.0,23.0,240.171,1.523
34.8333,02JAN2000 10:50:00,235.88,235.88,24.82,24.74,85.0,23.0,235.88,1.51
34.9167,02JAN2000 10:55:00,231.753,231.753,24.803,24.725,85.0,23.0,231.753,1.497
35.0,02JAN2000 11:00:00,227.76,227.76,24.786,24.71,85.0,23.0,227.76,1.484
35.0833,02JAN2000 11:05:00,222.638,222.638,24.77,24.696,85.0,23.0,222.638,1.46
35.1667,02JAN2000 11:10:00,215.831,215.831,24.756,24.681,85.0,23.0,215.831,1.431
35.25,02JAN2000 11:15:00,211.909,211.909,24.742,24.668,85.0,23.0,211.909,1.416
35.3333,02JAN2000 11:20:00,207.931,207.931,24.727,24.655,85.0,23.0,207.931,1.401
35.4167,02JAN2000 11:25:00,203.999,203.999,24.712,24.641,85.0,23.0,203.998,1.386
35.5,02JAN2000 11:30:00,200.168,200.168,24.698,24.628,85.0,23.0,200.168,1.371
35.5833,02JAN2000 11:35:00,196.406,196.406,24.683,24.615,85.0,23.0,196.406,1.357
35.6667,02JAN2000 11:40:00,192.707,192.707,24.669,24.602,85.0,23.0,192.707,1.342
35.75,02JAN2000 11:45:00,189.052,189.052,24.655,24.589,85.0,23.0,189.052,1.328
35.8333,02JAN2000 11:50:00,185.457,185.457,24.642,24.577,85.0,23.0,185.456,1.313
35.9167,02JAN2000 11:55:00,181.889,181.889,24.628,24.565,85.0,23.0,181.889,1.298
36.0,02JAN2000 12:00:00,178.363,178.363,24.615,24.553,85.0,23.0,178.363,1.284
